Brand by Gender,Designer,Start Year,End Year,Tenure,Start Decade,Culmulative Year,Culmulative Tenure,Unnamed: 8,Unnamed: 9,Unnamed: 10,Unnamed: 11,Unnamed: 12,Unnamed: 13,Unnamed: 14,Unnamed: 15,Unnamed: 16,Unnamed: 17,Unnamed: 18,Unnamed: 19,Unnamed: 20,Unnamed: 21,Unnamed: 22,Unnamed: 23
Louis Vuitton Women,Marc Jacobs,1997.0,2013.0,17,1990s,1997.0,1,,,,,,,,,,,,,,,,
Louis Vuitton Women,Marc Jacobs,1997.0,2013.0,17,1990s,1998.0,2,,,,,,,,,,,,,,,,
Louis Vuitton Women,Marc Jacobs,1997.0,2013.0,17,1990s,1999.0,3,,,,,,,,,,,,,,,,
Louis Vuitton Women,Marc Jacobs,1997.0,2013.0,17,1990s,2000.0,4,,,,,,,,,,,,,,,,
Louis Vuitton Women,Marc Jacobs,1997.0,2013.0,17,1990s,2001.0,5,,,,,,,,,,,,,,,,
Louis Vuitton Women,Marc Jacobs,1997.0,2013.0,17,1990s,2002.0,6,,,,,,,,,,,,,,,,
Louis Vuitton Women,Marc Jacobs,1997.0,2013.0,17,1990s,2003.0,7,,,,,,,,,,,,,,,,
Louis Vuitton Women,Marc Jacobs,1997.0,2013.0,17,1990s,2004.0,8,,,,,,,,,,,,,,,,
Louis Vuitton Women,Marc Jacobs,1997.0,2013.0,17,1990s,2005.0,9,,,,,,,,,,,,,,,,
Louis Vuitton Women,Marc Jacobs,1997.0,2013.0,17,1990s,2006.0,10,,,,,,,,,,,,,,,,
Louis Vuitton Women,Marc Jacobs,1997.0,2013.0,17,1990s,2007.0,11,,,,,,,,,,,,,,,,
Louis Vuitton Women,Marc Jacobs,1997.0,2013.0,17,1990s,2008.0,12,,,,,,,,,,,,,,,,
Louis Vuitton Women,Marc Jacobs,1997.0,2013.0,17,1990s,2009.0,13,,,,,,,,,,,,,,,,
Louis Vuitton Women,Marc Jacobs,1997.0,2013.0,17,1990s,2010.0,14,,,,,,,,,,,,,,,,
Louis Vuitton Women,Marc Jacobs,1997.0,2013.0,17,1990s,2011.0,15,,,,,,,,,,,,,,,,
Louis Vuitton Women,Marc Jacobs,1997.0,2013.0,17,1990s,2012.0,16,,,,,,,,,,,,,,,,
Louis Vuitton Women,Marc Jacobs,1997.0,2013.0,17,1990s,2013.0,17,,,,,,,,,,,,,,,,
Louis Vuitton Women,Marc Jacobs,1997.0,2013.0,17,1990s,1997.0,1,,,,,,,,,,,,,,,,
Louis Vuitton Women,Marc Jacobs,1997.0,2013.0,17,1990s,1998.0,2,,,,,,,,,,,,,,,,
Louis Vuitton Women,Marc Jacobs,1997.0,2013.0,17,1990s,1999.0,3,,,,,,,,,,,,,,,,
Louis Vuitton Women,Marc Jacobs,1997.0,2013.0,17,1990s,2000.0,4,,,,,,,,,,,,,,,,
Louis Vuitton Women,Marc Jacobs,1997.0,2013.0,17,1990s,2001.0,5,,,,,,,,,,,,,,,,
Louis Vuitton Women,Marc Jacobs,1997.0,2013.0,17,1990s,2002.0,6,,,,,,,,,,,,,,,,
Louis Vuitton Women,Marc Jacobs,1997.0,2013.0,17,1990s,2003.0,7,,,,,,,,,,,,,,,,
Louis Vuitton Women,Marc Jacobs,1997.0,2013.0,17,1990s,2004.0,8,,,,,,,,,,,,,,,,
Louis Vuitton Women,Marc Jacobs,1997.0,2013.0,17,1990s,2005.0,9,,,,,,,,,,,,,,,,
Louis Vuitton Women,Marc Jacobs,1997.0,2013.0,17,1990s,2006.0,10,,,,,,,,,,,,,,,,
Louis Vuitton Women,Marc Jacobs,1997.0,2013.0,17,1990s,2007.0,11,,,,,,,,,,,,,,,,
Louis Vuitton Women,Marc Jacobs,1997.0,2013.0,17,1990s,2008.0,12,,,,,,,,,,,,,,,,
Louis Vuitton Women,Marc Jacobs,1997.0,2013.0,17,1990s,2009.0,13,,,,,,,,,,,,,,,,
Louis Vuitton Women,Marc Jacobs,1997.0,2013.0,17,1990s,2010.0,14,,,,,,,,,,,,,,,,
Louis Vuitton Women,Marc Jacobs,1997.0,2013.0,17,1990s,2011.0,15,,,,,,,,,,,,,,,,
Louis Vuitton Women,Marc Jacobs,1997.0,2013.0,17,1990s,2012.0,16,,,,,,,,,,,,,,,,
Louis Vuitton Women,Marc Jacobs,1997.0,2013.0,17,1990s,2013.0,17,,,,,,,,,,,,,,,,
Louis Vuitton Women,Marc Jacobs,1997.0,2013.0,17,1990s,1997.0,1,,,,,,,,,,,,,,,,
Louis Vuitton Women,Marc Jacobs,1997.0,2013.0,17,1990s,1998.0,2,,,,,,,,,,,,,,,,
Louis Vuitton Women,Marc Jacobs,1997.0,2013.0,17,1990s,1999.0,3,,,,,,,,,,,,,,,,
Louis Vuitton Women,Marc Jacobs,1997.0,2013.0,17,1990s,2000.0,4,,,,,,,,,,,,,,,,
Louis Vuitton Women,Marc Jacobs,1997.0,2013.0,17,1990s,2001.0,5,,,,,,,,,,,,,,,,
Louis Vuitton Women,Marc Jacobs,1997.0,2013.0,17,1990s,2002.0,6,,,,,,,,,,,,,,,,
Louis Vuitton Women,Marc Jacobs,1997.0,2013.0,17,1990s,2003.0,7,,,,,,,,,,,,,,,,
Louis Vuitton Women,Marc Jacobs,1997.0,2013.0,17,1990s,2004.0,8,,,,,,,,,,,,,,,,
Louis Vuitton Women,Marc Jacobs,1997.0,2013.0,17,1990s,2005.0,9,,,,,,,,,,,,,,,,
Louis Vuitton Women,Marc Jacobs,1997.0,2013.0,17,1990s,2006.0,10,,,,,,,,,,,,,,,,
Louis Vuitton Women,Marc Jacobs,1997.0,2013.0,17,1990s,2007.0,11,,,,,,,,,,,,,,,,
Louis Vuitton Women,Marc Jacobs,1997.0,2013.0,17,1990s,2008.0,12,,,,,,,,,,,,,,,,
Louis Vuitton Women,Marc Jacobs,1997.0,2013.0,17,1990s,2009.0,13,,,,,,,,,,,,,,,,
Louis Vuitton Women,Marc Jacobs,1997.0,2013.0,17,1990s,2010.0,14,,,,,,,,,,,,,,,,
Louis Vuitton Women,Marc Jacobs,1997.0,2013.0,17,1990s,2011.0,15,,,,,,,,,,,,,,,,
Louis Vuitton Women,Marc Jacobs,1997.0,2013.0,17,1990s,2012.0,16,,,,,,,,,,,,,,,,
Louis Vuitton Women,Marc Jacobs,1997.0,2013.0,17,1990s,2013.0,17,,,,,,,,,,,,,,,,
Louis Vuitton Women,Marc Jacobs,1997.0,2013.0,17,1990s,1997.0,1,,,,,,,,,,,,,,,,
Louis Vuitton Women,Marc Jacobs,1997.0,2013.0,17,1990s,1998.0,2,,,,,,,,,,,,,,,,
Louis Vuitton Women,Marc Jacobs,1997.0,2013.0,17,1990s,1999.0,3,,,,,,,,,,,,,,,,
Louis Vuitton Women,Marc Jacobs,1997.0,2013.0,17,1990s,2000.0,4,,,,,,,,,,,,,,,,
Louis Vuitton Women,Marc Jacobs,1997.0,2013.0,17,1990s,2001.0,5,,,,,,,,,,,,,,,,
Louis Vuitton Women,Marc Jacobs,1997.0,2013.0,17,1990s,2002.0,6,,,,,,,,,,,,,,,,
Louis Vuitton Women,Marc Jacobs,1997.0,2013.0,17,1990s,2003.0,7,,,,,,,,,,,,,,,,
Louis Vuitton Women,Marc Jacobs,1997.0,2013.0,17,1990s,2004.0,8,,,,,,,,,,,,,,,,
Louis Vuitton Women,Marc Jacobs,1997.0,2013.0,17,1990s,2005.0,9,,,,,,,,,,,,,,,,
Louis Vuitton Women,Marc Jacobs,1997.0,2013.0,17,1990s,2006.0,10,,,,,,,,,,,,,,,,
Louis Vuitton Women,Marc Jacobs,1997.0,2013.0,17,1990s,2007.0,11,,,,,,,,,,,,,,,,
Louis Vuitton Women,Marc Jacobs,1997.0,2013.0,17,1990s,2008.0,12,,,,,,,,,,,,,,,,
Louis Vuitton Women,Marc Jacobs,1997.0,2013.0,17,1990s,2009.0,13,,,,,,,,,,,,,,,,
Louis Vuitton Women,Marc Jacobs,1997.0,2013.0,17,1990s,2010.0,14,,,,,,,,,,,,,,,,
Louis Vuitton Women,Marc Jacobs,1997.0,2013.0,17,1990s,2011.0,15,,,,,,,,,,,,,,,,
Louis Vuitton Women,Marc Jacobs,1997.0,2013.0,17,1990s,2012.0,16,,,,,,,,,,,,,,,,
Louis Vuitton Women,Marc Jacobs,1997.0,2013.0,17,1990s,2013.0,17,,,,,,,,,,,,,,,,
Louis Vuitton Women,Marc Jacobs,1997.0,2013.0,17,1990s,1997.0,1,,,,,,,,,,,,,,,,
Louis Vuitton Women,Marc Jacobs,1997.0,2013.0,17,1990s,1998.0,2,,,,,,,,,,,,,,,,
Louis Vuitton Women,Marc Jacobs,1997.0,2013.0,17,1990s,1999.0,3,,,,,,,,,,,,,,,,
Louis Vuitton Women,Marc Jacobs,1997.0,2013.0,17,1990s,2000.0,4,,,,,,,,,,,,,,,,
Louis Vuitton Women,Marc Jacobs,1997.0,2013.0,17,1990s,2001.0,5,,,,,,,,,,,,,,,,
Louis Vuitton Women,Marc Jacobs,1997.0,2013.0,17,1990s,2002.0,6,,,,,,,,,,,,,,,,
Louis Vuitton Women,Marc Jacobs,1997.0,2013.0,17,1990s,2003.0,7,,,,,,,,,,,,,,,,
Louis Vuitton Women,Marc Jacobs,1997.0,2013.0,17,1990s,2004.0,8,,,,,,,,,,,,,,,,
Louis Vuitton Women,Marc Jacobs,1997.0,2013.0,17,1990s,2005.0,9,,,,,,,,,,,,,,,,
Louis Vuitton Women,Marc Jacobs,1997.0,2013.0,17,1990s,2006.0,10,,,,,,,,,,,,,,,,
Louis Vuitton Women,Marc Jacobs,1997.0,2013.0,17,1990s,2007.0,11,,,,,,,,,,,,,,,,
Louis Vuitton Women,Marc Jacobs,1997.0,2013.0,17,1990s,2008.0,12,,,,,,,,,,,,,,,,
Louis Vuitton Women,Marc Jacobs,1997.0,2013.0,17,1990s,2009.0,13,,,,,,,,,,,,,,,,
Louis Vuitton Women,Marc Jacobs,1997.0,2013.0,17,1990s,2010.0,14,,,,,,,,,,,,,,,,
Louis Vuitton Women,Marc Jacobs,1997.0,2013.0,17,1990s,2011.0,15,,,,,,,,,,,,,,,,
Louis Vuitton Women,Marc Jacobs,1997.0,2013.0,17,1990s,2012.0,16,,,,,,,,,,,,,,,,
Louis Vuitton Women,Marc Jacobs,1997.0,2013.0,17,1990s,2013.0,17,,,,,,,,,,,,,,,,
Louis Vuitton Women,Marc Jacobs,1997.0,2013.0,17,1990s,1997.0,1,,,,,,,,,,,,,,,,
Louis Vuitton Women,Marc Jacobs,1997.0,2013.0,17,1990s,1998.0,2,,,,,,,,,,,,,,,,
Louis Vuitton Women,Marc Jacobs,1997.0,2013.0,17,1990s,1999.0,3,,,,,,,,,,,,,,,,
Louis Vuitton Women,Marc Jacobs,1997.0,2013.0,17,1990s,2000.0,4,,,,,,,,,,,,,,,,
Louis Vuitton Women,Marc Jacobs,1997.0,2013.0,17,1990s,2001.0,5,,,,,,,,,,,,,,,,
Louis Vuitton Women,Marc Jacobs,1997.0,2013.0,17,1990s,2002.0,6,,,,,,,,,,,,,,,,
Louis Vuitton Women,Marc Jacobs,1997.0,2013.0,17,1990s,2003.0,7,,,,,,,,,,,,,,,,
Louis Vuitton Women,Marc Jacobs,1997.0,2013.0,17,1990s,2004.0,8,,,,,,,,,,,,,,,,
Louis Vuitton Women,Marc Jacobs,1997.0,2013.0,17,1990s,2005.0,9,,,,,,,,,,,,,,,,
Louis Vuitton Women,Marc Jacobs,1997.0,2013.0,17,1990s,2006.0,10,,,,,,,,,,,,,,,,
Louis Vuitton Women,Marc Jacobs,1997.0,2013.0,17,1990s,2007.0,11,,,,,,,,,,,,,,,,
Louis Vuitton Women,Marc Jacobs,1997.0,2013.0,17,1990s,2008.0,12,,,,,,,,,,,,,,,,
Louis Vuitton Women,Marc Jacobs,1997.0,2013.0,17,1990s,2009.0,13,,,,,,,,,,,,,,,,
Louis Vuitton Women,Marc Jacobs,1997.0,2013.0,17,1990s,2010.0,14,,,,,,,,,,,,,,,,
Louis Vuitton Women,Marc Jacobs,1997.0,2013.0,17,1990s,2011.0,15,,,,,,,,,,,,,,,,
Louis Vuitton Women,Marc Jacobs,1997.0,2013.0,17,1990s,2012.0,16,,,,,,,,,,,,,,,,
Louis Vuitton Women,Marc Jacobs,1997.0,2013.0,17,1990s,2013.0,17,,,,,,,,,,,,,,,,
Louis Vuitton Women,Marc Jacobs,1997.0,2013.0,17,1990s,1997.0,1,,,,,,,,,,,,,,,,
Louis Vuitton Women,Marc Jacobs,1997.0,2013.0,17,1990s,1998.0,2,,,,,,,,,,,,,,,,
Louis Vuitton Women,Marc Jacobs,1997.0,2013.0,17,1990s,1999.0,3,,,,,,,,,,,,,,,,
Louis Vuitton Women,Marc Jacobs,1997.0,2013.0,17,1990s,2000.0,4,,,,,,,,,,,,,,,,
Louis Vuitton Women,Marc Jacobs,1997.0,2013.0,17,1990s,2001.0,5,,,,,,,,,,,,,,,,
Louis Vuitton Women,Marc Jacobs,1997.0,2013.0,17,1990s,2002.0,6,,,,,,,,,,,,,,,,
Louis Vuitton Women,Marc Jacobs,1997.0,2013.0,17,1990s,2003.0,7,,,,,,,,,,,,,,,,
Louis Vuitton Women,Marc Jacobs,1997.0,2013.0,17,1990s,2004.0,8,,,,,,,,,,,,,,,,
Louis Vuitton Women,Marc Jacobs,1997.0,2013.0,17,1990s,2005.0,9,,,,,,,,,,,,,,,,
Louis Vuitton Women,Marc Jacobs,1997.0,2013.0,17,1990s,2006.0,10,,,,,,,,,,,,,,,,
Louis Vuitton Women,Marc Jacobs,1997.0,2013.0,17,1990s,2007.0,11,,,,,,,,,,,,,,,,
Louis Vuitton Women,Marc Jacobs,1997.0,2013.0,17,1990s,2008.0,12,,,,,,,,,,,,,,,,
Louis Vuitton Women,Marc Jacobs,1997.0,2013.0,17,1990s,2009.0,13,,,,,,,,,,,,,,,,
Louis Vuitton Women,Marc Jacobs,1997.0,2013.0,17,1990s,2010.0,14,,,,,,,,,,,,,,,,
Louis Vuitton Women,Marc Jacobs,1997.0,2013.0,17,1990s,2011.0,15,,,,,,,,,,,,,,,,
Louis Vuitton Women,Marc Jacobs,1997.0,2013.0,17,1990s,2012.0,16,,,,,,,,,,,,,,,,
Louis Vuitton Women,Marc Jacobs,1997.0,2013.0,17,1990s,2013.0,17,,,,,,,,,,,,,,,,
Louis Vuitton Women,Marc Jacobs,1997.0,2013.0,17,1990s,1997.0,1,,,,,,,,,,,,,,,,
Louis Vuitton Women,Marc Jacobs,1997.0,2013.0,17,1990s,1998.0,2,,,,,,,,,,,,,,,,
Louis Vuitton Women,Marc Jacobs,1997.0,2013.0,17,1990s,1999.0,3,,,,,,,,,,,,,,,,
Louis Vuitton Women,Marc Jacobs,1997.0,2013.0,17,1990s,2000.0,4,,,,,,,,,,,,,,,,
Louis Vuitton Women,Marc Jacobs,1997.0,2013.0,17,1990s,2001.0,5,,,,,,,,,,,,,,,,
Louis Vuitton Women,Marc Jacobs,1997.0,2013.0,17,1990s,2002.0,6,,,,,,,,,,,,,,,,
Louis Vuitton Women,Marc Jacobs,1997.0,2013.0,17,1990s,2003.0,7,,,,,,,,,,,,,,,,
Louis Vuitton Women,Marc Jacobs,1997.0,2013.0,17,1990s,2004.0,8,,,,,,,,,,,,,,,,
Louis Vuitton Women,Marc Jacobs,1997.0,2013.0,17,1990s,2005.0,9,,,,,,,,,,,,,,,,
Louis Vuitton Women,Marc Jacobs,1997.0,2013.0,17,1990s,2006.0,10,,,,,,,,,,,,,,,,
Louis Vuitton Women,Marc Jacobs,1997.0,2013.0,17,1990s,2007.0,11,,,,,,,,,,,,,,,,
Louis Vuitton Women,Marc Jacobs,1997.0,2013.0,17,1990s,2008.0,12,,,,,,,,,,,,,,,,
Louis Vuitton Women,Marc Jacobs,1997.0,2013.0,17,1990s,2009.0,13,,,,,,,,,,,,,,,,
Louis Vuitton Women,Marc Jacobs,1997.0,2013.0,17,1990s,2010.0,14,,,,,,,,,,,,,,,,
Louis Vuitton Women,Marc Jacobs,1997.0,2013.0,17,1990s,2011.0,15,,,,,,,,,,,,,,,,
Louis Vuitton Women,Marc Jacobs,1997.0,2013.0,17,1990s,2012.0,16,,,,,,,,,,,,,,,,
Louis Vuitton Women,Marc Jacobs,1997.0,2013.0,17,1990s,2013.0,17,,,,,,,,,,,,,,,,
Louis Vuitton Women,Marc Jacobs,1997.0,2013.0,17,1990s,1997.0,1,,,,,,,,,,,,,,,,
Louis Vuitton Women,Marc Jacobs,1997.0,2013.0,17,1990s,1998.0,2,,,,,,,,,,,,,,,,
Louis Vuitton Women,Marc Jacobs,1997.0,2013.0,17,1990s,1999.0,3,,,,,,,,,,,,,,,,
Louis Vuitton Women,Marc Jacobs,1997.0,2013.0,17,1990s,2000.0,4,,,,,,,,,,,,,,,,
Louis Vuitton Women,Marc Jacobs,1997.0,2013.0,17,1990s,2001.0,5,,,,,,,,,,,,,,,,
Louis Vuitton Women,Marc Jacobs,1997.0,2013.0,17,1990s,2002.0,6,,,,,,,,,,,,,,,,
Louis Vuitton Women,Marc Jacobs,1997.0,2013.0,17,1990s,2003.0,7,,,,,,,,,,,,,,,,
Louis Vuitton Women,Marc Jacobs,1997.0,2013.0,17,1990s,2004.0,8,,,,,,,,,,,,,,,,
Louis Vuitton Women,Marc Jacobs,1997.0,2013.0,17,1990s,2005.0,9,,,,,,,,,,,,,,,,
Louis Vuitton Women,Marc Jacobs,1997.0,2013.0,17,1990s,2006.0,10,,,,,,,,,,,,,,,,
Louis Vuitton Women,Marc Jacobs,1997.0,2013.0,17,1990s,2007.0,11,,,,,,,,,,,,,,,,
Louis Vuitton Women,Marc Jacobs,1997.0,2013.0,17,1990s,2008.0,12,,,,,,,,,,,,,,,,
Louis Vuitton Women,Marc Jacobs,1997.0,2013.0,17,1990s,2009.0,13,,,,,,,,,,,,,,,,
Louis Vuitton Women,Marc Jacobs,1997.0,2013.0,17,1990s,2010.0,14,,,,,,,,,,,,,,,,
Louis Vuitton Women,Marc Jacobs,1997.0,2013.0,17,1990s,2011.0,15,,,,,,,,,,,,,,,,
Louis Vuitton Women,Marc Jacobs,1997.0,2013.0,17,1990s,2012.0,16,,,,,,,,,,,,,,,,
Louis Vuitton Women,Marc Jacobs,1997.0,2013.0,17,1990s,2013.0,17,,,,,,,,,,,,,,,,
Louis Vuitton Women,Marc Jacobs,1997.0,2013.0,17,1990s,1997.0,1,,,,,,,,,,,,,,,,
Louis Vuitton Women,Marc Jacobs,1997.0,2013.0,17,1990s,1998.0,2,,,,,,,,,,,,,,,,
Louis Vuitton Women,Marc Jacobs,1997.0,2013.0,17,1990s,1999.0,3,,,,,,,,,,,,,,,,
Louis Vuitton Women,Marc Jacobs,1997.0,2013.0,17,1990s,2000.0,4,,,,,,,,,,,,,,,,
Louis Vuitton Women,Marc Jacobs,1997.0,2013.0,17,1990s,2001.0,5,,,,,,,,,,,,,,,,
Louis Vuitton Women,Marc Jacobs,1997.0,2013.0,17,1990s,2002.0,6,,,,,,,,,,,,,,,,
Louis Vuitton Women,Marc Jacobs,1997.0,2013.0,17,1990s,2003.0,7,,,,,,,,,,,,,,,,
Louis Vuitton Women,Marc Jacobs,1997.0,2013.0,17,1990s,2004.0,8,,,,,,,,,,,,,,,,
Louis Vuitton Women,Marc Jacobs,1997.0,2013.0,17,1990s,2005.0,9,,,,,,,,,,,,,,,,
Louis Vuitton Women,Marc Jacobs,1997.0,2013.0,17,1990s,2006.0,10,,,,,,,,,,,,,,,,
Louis Vuitton Women,Marc Jacobs,1997.0,2013.0,17,1990s,2007.0,11,,,,,,,,,,,,,,,,
Louis Vuitton Women,Marc Jacobs,1997.0,2013.0,17,1990s,2008.0,12,,,,,,,,,,,,,,,,
Louis Vuitton Women,Marc Jacobs,1997.0,2013.0,17,1990s,2009.0,13,,,,,,,,,,,,,,,,
Louis Vuitton Women,Marc Jacobs,1997.0,2013.0,17,1990s,2010.0,14,,,,,,,,,,,,,,,,
Louis Vuitton Women,Marc Jacobs,1997.0,2013.0,17,1990s,2011.0,15,,,,,,,,,,,,,,,,
Louis Vuitton Women,Marc Jacobs,1997.0,2013.0,17,1990s,2012.0,16,,,,,,,,,,,,,,,,
Louis Vuitton Women,Marc Jacobs,1997.0,2013.0,17,1990s,2013.0,17,,,,,,,,,,,,,,,,
Louis Vuitton Women,Marc Jacobs,1997.0,2013.0,17,1990s,1997.0,1,,,,,,,,,,,,,,,,
Louis Vuitton Women,Marc Jacobs,1997.0,2013.0,17,1990s,1998.0,2,,,,,,,,,,,,,,,,
Louis Vuitton Women,Marc Jacobs,1997.0,2013.0,17,1990s,1999.0,3,,,,,,,,,,,,,,,,
Louis Vuitton Women,Marc Jacobs,1997.0,2013.0,17,1990s,2000.0,4,,,,,,,,,,,,,,,,
Louis Vuitton Women,Marc Jacobs,1997.0,2013.0,17,1990s,2001.0,5,,,,,,,,,,,,,,,,
Louis Vuitton Women,Marc Jacobs,1997.0,2013.0,17,1990s,2002.0,6,,,,,,,,,,,,,,,,
Louis Vuitton Women,Marc Jacobs,1997.0,2013.0,17,1990s,2003.0,7,,,,,,,,,,,,,,,,
Louis Vuitton Women,Marc Jacobs,1997.0,2013.0,17,1990s,2004.0,8,,,,,,,,,,,,,,,,
Louis Vuitton Women,Marc Jacobs,1997.0,2013.0,17,1990s,2005.0,9,,,,,,,,,,,,,,,,
Louis Vuitton Women,Marc Jacobs,1997.0,2013.0,17,1990s,2006.0,10,,,,,,,,,,,,,,,,
Louis Vuitton Women,Marc Jacobs,1997.0,2013.0,17,1990s,2007.0,11,,,,,,,,,,,,,,,,
Louis Vuitton Women,Marc Jacobs,1997.0,2013.0,17,1990s,2008.0,12,,,,,,,,,,,,,,,,
Louis Vuitton Women,Marc Jacobs,1997.0,2013.0,17,1990s,2009.0,13,,,,,,,,,,,,,,,,
Louis Vuitton Women,Marc Jacobs,1997.0,2013.0,17,1990s,2010.0,14,,,,,,,,,,,,,,,,
Louis Vuitton Women,Marc Jacobs,1997.0,2013.0,17,1990s,2011.0,15,,,,,,,,,,,,,,,,
Louis Vuitton Women,Marc Jacobs,1997.0,2013.0,17,1990s,2012.0,16,,,,,,,,,,,,,,,,
Louis Vuitton Women,Marc Jacobs,1997.0,2013.0,17,1990s,2013.0,17,,,,,,,,,,,,,,,,
Louis Vuitton Women,Marc Jacobs,1997.0,2013.0,17,1990s,1997.0,1,,,,,,,,,,,,,,,,
Louis Vuitton Women,Marc Jacobs,1997.0,2013.0,17,1990s,1998.0,2,,,,,,,,,,,,,,,,
Louis Vuitton Women,Marc Jacobs,1997.0,2013.0,17,1990s,1999.0,3,,,,,,,,,,,,,,,,
Louis Vuitton Women,Marc Jacobs,1997.0,2013.0,17,1990s,2000.0,4,,,,,,,,,,,,,,,,
Louis Vuitton Women,Marc Jacobs,1997.0,2013.0,17,1990s,2001.0,5,,,,,,,,,,,,,,,,
Louis Vuitton Women,Marc Jacobs,1997.0,2013.0,17,1990s,2002.0,6,,,,,,,,,,,,,,,,
Louis Vuitton Women,Marc Jacobs,1997.0,2013.0,17,1990s,2003.0,7,,,,,,,,,,,,,,,,
Louis Vuitton Women,Marc Jacobs,1997.0,2013.0,17,1990s,2004.0,8,,,,,,,,,,,,,,,,
Louis Vuitton Women,Marc Jacobs,1997.0,2013.0,17,1990s,2005.0,9,,,,,,,,,,,,,,,,
Louis Vuitton Women,Marc Jacobs,1997.0,2013.0,17,1990s,2006.0,10,,,,,,,,,,,,,,,,
Louis Vuitton Women,Marc Jacobs,1997.0,2013.0,17,1990s,2007.0,11,,,,,,,,,,,,,,,,
Louis Vuitton Women,Marc Jacobs,1997.0,2013.0,17,1990s,2008.0,12,,,,,,,,,,,,,,,,
Louis Vuitton Women,Marc Jacobs,1997.0,2013.0,17,1990s,2009.0,13,,,,,,,,,,,,,,,,
Louis Vuitton Women,Marc Jacobs,1997.0,2013.0,17,1990s,2010.0,14,,,,,,,,,,,,,,,,
Louis Vuitton Women,Marc Jacobs,1997.0,2013.0,17,1990s,2011.0,15,,,,,,,,,,,,,,,,
Louis Vuitton Women,Marc Jacobs,1997.0,2013.0,17,1990s,2012.0,16,,,,,,,,,,,,,,,,
Louis Vuitton Women,Marc Jacobs,1997.0,2013.0,17,1990s,2013.0,17,,,,,,,,,,,,,,,,
Louis Vuitton Women,Marc Jacobs,1997.0,2013.0,17,1990s,1997.0,1,,,,,,,,,,,,,,,,
Louis Vuitton Women,Marc Jacobs,1997.0,2013.0,17,1990s,1998.0,2,,,,,,,,,,,,,,,,
Louis Vuitton Women,Marc Jacobs,1997.0,2013.0,17,1990s,1999.0,3,,,,,,,,,,,,,,,,
Louis Vuitton Women,Marc Jacobs,1997.0,2013.0,17,1990s,2000.0,4,,,,,,,,,,,,,,,,
Louis Vuitton Women,Marc Jacobs,1997.0,2013.0,17,1990s,2001.0,5,,,,,,,,,,,,,,,,
Louis Vuitton Women,Marc Jacobs,1997.0,2013.0,17,1990s,2002.0,6,,,,,,,,,,,,,,,,
Louis Vuitton Women,Marc Jacobs,1997.0,2013.0,17,1990s,2003.0,7,,,,,,,,,,,,,,,,
Louis Vuitton Women,Marc Jacobs,1997.0,2013.0,17,1990s,2004.0,8,,,,,,,,,,,,,,,,
Louis Vuitton Women,Marc Jacobs,1997.0,2013.0,17,1990s,2005.0,9,,,,,,,,,,,,,,,,
Louis Vuitton Women,Marc Jacobs,1997.0,2013.0,17,1990s,2006.0,10,,,,,,,,,,,,,,,,
Louis Vuitton Women,Marc Jacobs,1997.0,2013.0,17,1990s,2007.0,11,,,,,,,,,,,,,,,,
Louis Vuitton Women,Marc Jacobs,1997.0,2013.0,17,1990s,2008.0,12,,,,,,,,,,,,,,,,
Louis Vuitton Women,Marc Jacobs,1997.0,2013.0,17,1990s,2009.0,13,,,,,,,,,,,,,,,,
Louis Vuitton Women,Marc Jacobs,1997.0,2013.0,17,1990s,2010.0,14,,,,,,,,,,,,,,,,
Louis Vuitton Women,Marc Jacobs,1997.0,2013.0,17,1990s,2011.0,15,,,,,,,,,,,,,,,,
Louis Vuitton Women,Marc Jacobs,1997.0,2013.0,17,1990s,2012.0,16,,,,,,,,,,,,,,,,
Louis Vuitton Women,Marc Jacobs,1997.0,2013.0,17,1990s,2013.0,17,,,,,,,,,,,,,,,,
Louis Vuitton Women,Marc Jacobs,1997.0,2013.0,17,1990s,1997.0,1,,,,,,,,,,,,,,,,
Louis Vuitton Women,Marc Jacobs,1997.0,2013.0,17,1990s,1998.0,2,,,,,,,,,,,,,,,,
Louis Vuitton Women,Marc Jacobs,1997.0,2013.0,17,1990s,1999.0,3,,,,,,,,,,,,,,,,
Louis Vuitton Women,Marc Jacobs,1997.0,2013.0,17,1990s,2000.0,4,,,,,,,,,,,,,,,,
Louis Vuitton Women,Marc Jacobs,1997.0,2013.0,17,1990s,2001.0,5,,,,,,,,,,,,,,,,
Louis Vuitton Women,Marc Jacobs,1997.0,2013.0,17,1990s,2002.0,6,,,,,,,,,,,,,,,,
Louis Vuitton Women,Marc Jacobs,1997.0,2013.0,17,1990s,2003.0,7,,,,,,,,,,,,,,,,
Louis Vuitton Women,Marc Jacobs,1997.0,2013.0,17,1990s,2004.0,8,,,,,,,,,,,,,,,,
Louis Vuitton Women,Marc Jacobs,1997.0,2013.0,17,1990s,2005.0,9,,,,,,,,,,,,,,,,
Louis Vuitton Women,Marc Jacobs,1997.0,2013.0,17,1990s,2006.0,10,,,,,,,,,,,,,,,,
Louis Vuitton Women,Marc Jacobs,1997.0,2013.0,17,1990s,2007.0,11,,,,,,,,,,,,,,,,
Louis Vuitton Women,Marc Jacobs,1997.0,2013.0,17,1990s,2008.0,12,,,,,,,,,,,,,,,,
Louis Vuitton Women,Marc Jacobs,1997.0,2013.0,17,1990s,2009.0,13,,,,,,,,,,,,,,,,
Louis Vuitton Women,Marc Jacobs,1997.0,2013.0,17,1990s,2010.0,14,,,,,,,,,,,,,,,,
Louis Vuitton Women,Marc Jacobs,1997.0,2013.0,17,1990s,2011.0,15,,,,,,,,,,,,,,,,
Louis Vuitton Women,Marc Jacobs,1997.0,2013.0,17,1990s,2012.0,16,,,,,,,,,,,,,,,,
Louis Vuitton Women,Marc Jacobs,1997.0,2013.0,17,1990s,2013.0,17,,,,,,,,,,,,,,,,
Louis Vuitton Women,Marc Jacobs,1997.0,2013.0,17,1990s,1997.0,1,,,,,,,,,,,,,,,,
Louis Vuitton Women,Marc Jacobs,1997.0,2013.0,17,1990s,1998.0,2,,,,,,,,,,,,,,,,
Louis Vuitton Women,Marc Jacobs,1997.0,2013.0,17,1990s,1999.0,3,,,,,,,,,,,,,,,,
Louis Vuitton Women,Marc Jacobs,1997.0,2013.0,17,1990s,2000.0,4,,,,,,,,,,,,,,,,
Louis Vuitton Women,Marc Jacobs,1997.0,2013.0,17,1990s,2001.0,5,,,,,,,,,,,,,,,,
Louis Vuitton Women,Marc Jacobs,1997.0,2013.0,17,1990s,2002.0,6,,,,,,,,,,,,,,,,
Louis Vuitton Women,Marc Jacobs,1997.0,2013.0,17,1990s,2003.0,7,,,,,,,,,,,,,,,,
Louis Vuitton Women,Marc Jacobs,1997.0,2013.0,17,1990s,2004.0,8,,,,,,,,,,,,,,,,
Louis Vuitton Women,Marc Jacobs,1997.0,2013.0,17,1990s,2005.0,9,,,,,,,,,,,,,,,,
Louis Vuitton Women,Marc Jacobs,1997.0,2013.0,17,1990s,2006.0,10,,,,,,,,,,,,,,,,
Louis Vuitton Women,Marc Jacobs,1997.0,2013.0,17,1990s,2007.0,11,,,,,,,,,,,,,,,,
Louis Vuitton Women,Marc Jacobs,1997.0,2013.0,17,1990s,2008.0,12,,,,,,,,,,,,,,,,
Louis Vuitton Women,Marc Jacobs,1997.0,2013.0,17,1990s,2009.0,13,,,,,,,,,,,,,,,,
Louis Vuitton Women,Marc Jacobs,1997.0,2013.0,17,1990s,2010.0,14,,,,,,,,,,,,,,,,
Louis Vuitton Women,Marc Jacobs,1997.0,2013.0,17,1990s,2011.0,15,,,,,,,,,,,,,,,,
Louis Vuitton Women,Marc Jacobs,1997.0,2013.0,17,1990s,2012.0,16,,,,,,,,,,,,,,,,
Louis Vuitton Women,Marc Jacobs,1997.0,2013.0,17,1990s,2013.0,17,,,,,,,,,,,,,,,,
Louis Vuitton Women,Marc Jacobs,1997.0,2013.0,17,1990s,1997.0,1,,,,,,,,,,,,,,,,
Louis Vuitton Women,Marc Jacobs,1997.0,2013.0,17,1990s,1998.0,2,,,,,,,,,,,,,,,,
Louis Vuitton Women,Marc Jacobs,1997.0,2013.0,17,1990s,1999.0,3,,,,,,,,,,,,,,,,
Louis Vuitton Women,Marc Jacobs,1997.0,2013.0,17,1990s,2000.0,4,,,,,,,,,,,,,,,,
Louis Vuitton Women,Marc Jacobs,1997.0,2013.0,17,1990s,2001.0,5,,,,,,,,,,,,,,,,
Louis Vuitton Women,Marc Jacobs,1997.0,2013.0,17,1990s,2002.0,6,,,,,,,,,,,,,,,,
Louis Vuitton Women,Marc Jacobs,1997.0,2013.0,17,1990s,2003.0,7,,,,,,,,,,,,,,,,
Louis Vuitton Women,Marc Jacobs,1997.0,2013.0,17,1990s,2004.0,8,,,,,,,,,,,,,,,,
Louis Vuitton Women,Marc Jacobs,1997.0,2013.0,17,1990s,2005.0,9,,,,,,,,,,,,,,,,
Louis Vuitton Women,Marc Jacobs,1997.0,2013.0,17,1990s,2006.0,10,,,,,,,,,,,,,,,,
Louis Vuitton Women,Marc Jacobs,1997.0,2013.0,17,1990s,2007.0,11,,,,,,,,,,,,,,,,
Louis Vuitton Women,Marc Jacobs,1997.0,2013.0,17,1990s,2008.0,12,,,,,,,,,,,,,,,,
Louis Vuitton Women,Marc Jacobs,1997.0,2013.0,17,1990s,2009.0,13,,,,,,,,,,,,,,,,
Louis Vuitton Women,Marc Jacobs,1997.0,2013.0,17,1990s,2010.0,14,,,,,,,,,,,,,,,,
Louis Vuitton Women,Marc Jacobs,1997.0,2013.0,17,1990s,2011.0,15,,,,,,,,,,,,,,,,
Louis Vuitton Women,Marc Jacobs,1997.0,2013.0,17,1990s,2012.0,16,,,,,,,,,,,,,,,,
Louis Vuitton Women,Marc Jacobs,1997.0,2013.0,17,1990s,2013.0,17,,,,,,,,,,,,,,,,
Louis Vuitton Women,Marc Jacobs,1997.0,2013.0,17,1990s,1997.0,1,,,,,,,,,,,,,,,,
Louis Vuitton Women,Marc Jacobs,1997.0,2013.0,17,1990s,1998.0,2,,,,,,,,,,,,,,,,
Louis Vuitton Women,Marc Jacobs,1997.0,2013.0,17,1990s,1999.0,3,,,,,,,,,,,,,,,,
Louis Vuitton Women,Marc Jacobs,1997.0,2013.0,17,1990s,2000.0,4,,,,,,,,,,,,,,,,
Louis Vuitton Women,Marc Jacobs,1997.0,2013.0,17,1990s,2001.0,5,,,,,,,,,,,,,,,,
Louis Vuitton Women,Marc Jacobs,1997.0,2013.0,17,1990s,2002.0,6,,,,,,,,,,,,,,,,
Louis Vuitton Women,Marc Jacobs,1997.0,2013.0,17,1990s,2003.0,7,,,,,,,,,,,,,,,,
Louis Vuitton Women,Marc Jacobs,1997.0,2013.0,17,1990s,2004.0,8,,,,,,,,,,,,,,,,
Louis Vuitton Women,Marc Jacobs,1997.0,2013.0,17,1990s,2005.0,9,,,,,,,,,,,,,,,,
Louis Vuitton Women,Marc Jacobs,1997.0,2013.0,17,1990s,2006.0,10,,,,,,,,,,,,,,,,
Louis Vuitton Women,Marc Jacobs,1997.0,2013.0,17,1990s,2007.0,11,,,,,,,,,,,,,,,,
Louis Vuitton Women,Marc Jacobs,1997.0,2013.0,17,1990s,2008.0,12,,,,,,,,,,,,,,,,
Louis Vuitton Women,Marc Jacobs,1997.0,2013.0,17,1990s,2009.0,13,,,,,,,,,,,,,,,,
Louis Vuitton Women,Marc Jacobs,1997.0,2013.0,17,1990s,2010.0,14,,,,,,,,,,,,,,,,
Louis Vuitton Women,Marc Jacobs,1997.0,2013.0,17,1990s,2011.0,15,,,,,,,,,,,,,,,,
Louis Vuitton Women,Marc Jacobs,1997.0,2013.0,17,1990s,2012.0,16,,,,,,,,,,,,,,,,
Louis Vuitton Women,Marc Jacobs,1997.0,2013.0,17,1990s,2013.0,17,,,,,,,,,,,,,,,,
Louis Vuitton Women,Nicolas Ghesquière,2013.0,2024.0,12,2010s,2013.0,1,,,,,,,,,,,,,,,,
Louis Vuitton Women,Nicolas Ghesquière,2013.0,2024.0,12,2010s,2014.0,2,,,,,,,,,,,,,,,,
Louis Vuitton Women,Nicolas Ghesquière,2013.0,2024.0,12,2010s,2015.0,3,,,,,,,,,,,,,,,,
Louis Vuitton Women,Nicolas Ghesquière,2013.0,2024.0,12,2010s,2016.0,4,,,,,,,,,,,,,,,,
Louis Vuitton Women,Nicolas Ghesquière,2013.0,2024.0,12,2010s,2017.0,5,,,,,,,,,,,,,,,,
Louis Vuitton Women,Nicolas Ghesquière,2013.0,2024.0,12,2010s,2018.0,6,,,,,,,,,,,,,,,,
Louis Vuitton Women,Nicolas Ghesquière,2013.0,2024.0,12,2010s,2019.0,7,,,,,,,,,,,,,,,,
Louis Vuitton Women,Nicolas Ghesquière,2013.0,2024.0,12,2010s,2020.0,8,,,,,,,,,,,,,,,,
Louis Vuitton Women,Nicolas Ghesquière,2013.0,2024.0,12,2010s,2021.0,9,,,,,,,,,,,,,,,,
Louis Vuitton Women,Nicolas Ghesquière,2013.0,2024.0,12,2010s,2022.0,10,,,,,,,,,,,,,,,,
Louis Vuitton Women,Nicolas Ghesquière,2013.0,2024.0,12,2010s,2023.0,11,,,,,,,,,,,,,,,,
Louis Vuitton Women,Nicolas Ghesquière,2013.0,2024.0,12,2010s,2024.0,12,,,,,,,,,,,,,,,,
Louis Vuitton Men,Marc Jacobs and Paul Helbers,1997.0,2011.0,15,1990s,1997.0,1,,,,,,,,,,,,,,,,
Louis Vuitton Men,Marc Jacobs and Paul Helbers,1997.0,2011.0,15,1990s,1998.0,2,,,,,,,,,,,,,,,,
Louis Vuitton Men,Marc Jacobs and Paul Helbers,1997.0,2011.0,15,1990s,1999.0,3,,,,,,,,,,,,,,,,
Louis Vuitton Men,Marc Jacobs and Paul Helbers,1997.0,2011.0,15,1990s,2000.0,4,,,,,,,,,,,,,,,,
Louis Vuitton Men,Marc Jacobs and Paul Helbers,1997.0,2011.0,15,1990s,2001.0,5,,,,,,,,,,,,,,,,
Louis Vuitton Men,Marc Jacobs and Paul Helbers,1997.0,2011.0,15,1990s,2002.0,6,,,,,,,,,,,,,,,,
Louis Vuitton Men,Marc Jacobs and Paul Helbers,1997.0,2011.0,15,1990s,2003.0,7,,,,,,,,,,,,,,,,
Louis Vuitton Men,Marc Jacobs and Paul Helbers,1997.0,2011.0,15,1990s,2004.0,8,,,,,,,,,,,,,,,,
Louis Vuitton Men,Marc Jacobs and Paul Helbers,1997.0,2011.0,15,1990s,2005.0,9,,,,,,,,,,,,,,,,
Louis Vuitton Men,Marc Jacobs and Paul Helbers,1997.0,2011.0,15,1990s,2006.0,10,,,,,,,,,,,,,,,,
Louis Vuitton Men,Marc Jacobs and Paul Helbers,1997.0,2011.0,15,1990s,2007.0,11,,,,,,,,,,,,,,,,
Louis Vuitton Men,Marc Jacobs and Paul Helbers,1997.0,2011.0,15,1990s,2008.0,12,,,,,,,,,,,,,,,,
Louis Vuitton Men,Marc Jacobs and Paul Helbers,1997.0,2011.0,15,1990s,2009.0,13,,,,,,,,,,,,,,,,
Louis Vuitton Men,Marc Jacobs and Paul Helbers,1997.0,2011.0,15,1990s,2010.0,14,,,,,,,,,,,,,,,,
Louis Vuitton Men,Marc Jacobs and Paul Helbers,1997.0,2011.0,15,1990s,2011.0,15,,,,,,,,,,,,,,,,
Louis Vuitton Men,Kim Jones,2011.0,2018.0,8,2010s,2011.0,1,,,,,,,,,,,,,,,,
Louis Vuitton Men,Kim Jones,2011.0,2018.0,8,2010s,2012.0,2,,,,,,,,,,,,,,,,
Louis Vuitton Men,Kim Jones,2011.0,2018.0,8,2010s,2013.0,3,,,,,,,,,,,,,,,,
Louis Vuitton Men,Kim Jones,2011.0,2018.0,8,2010s,2014.0,4,,,,,,,,,,,,,,,,
Louis Vuitton Men,Kim Jones,2011.0,2018.0,8,2010s,2015.0,5,,,,,,,,,,,,,,,,
Louis Vuitton Men,Kim Jones,2011.0,2018.0,8,2010s,2016.0,6,,,,,,,,,,,,,,,,
Louis Vuitton Men,Kim Jones,2011.0,2018.0,8,2010s,2017.0,7,,,,,,,,,,,,,,,,
Louis Vuitton Men,Kim Jones,2011.0,2018.0,8,2010s,2018.0,8,,,,,,,,,,,,,,,,
Louis Vuitton Men,Virgil Abloh,2018.0,2021.0,4,2010s,2018.0,1,,,,,,,,,,,,,,,,
Louis Vuitton Men,Virgil Abloh,2018.0,2021.0,4,2010s,2019.0,2,,,,,,,,,,,,,,,,
Louis Vuitton Men,Virgil Abloh,2018.0,2021.0,4,2010s,2020.0,3,,,,,,,,,,,,,,,,
Louis Vuitton Men,Virgil Abloh,2018.0,2021.0,4,2010s,2021.0,4,,,,,,,,,,,,,,,,
Louis Vuitton Men,Pharrell Williams,2022.0,2024.0,3,2020s,2022.0,1,,,,,,,,,,,,,,,,
Louis Vuitton Men,Pharrell Williams,2022.0,2024.0,3,2020s,2023.0,2,,,,,,,,,,,,,,,,
Louis Vuitton Men,Pharrell Williams,2022.0,2024.0,3,2020s,2024.0,3,,,,,,,,,,,,,,,,
Chanel,Karl Lagerfeld,1990.0,2019.0,30,1990s,1990.0,1,,,,,,,,,,,,,,,,
Chanel,Karl Lagerfeld,1990.0,2019.0,30,1990s,1991.0,2,,,,,,,,,,,,,,,,
Chanel,Karl Lagerfeld,1990.0,2019.0,30,1990s,1992.0,3,,,,,,,,,,,,,,,,
Chanel,Karl Lagerfeld,1990.0,2019.0,30,1990s,1993.0,4,,,,,,,,,,,,,,,,
Chanel,Karl Lagerfeld,1990.0,2019.0,30,1990s,1994.0,5,,,,,,,,,,,,,,,,
Chanel,Karl Lagerfeld,1990.0,2019.0,30,1990s,1995.0,6,,,,,,,,,,,,,,,,
Chanel,Karl Lagerfeld,1990.0,2019.0,30,1990s,1996.0,7,,,,,,,,,,,,,,,,
Chanel,Karl Lagerfeld,1990.0,2019.0,30,1990s,1997.0,8,,,,,,,,,,,,,,,,
Chanel,Karl Lagerfeld,1990.0,2019.0,30,1990s,1998.0,9,,,,,,,,,,,,,,,,
Chanel,Karl Lagerfeld,1990.0,2019.0,30,1990s,1999.0,10,,,,,,,,,,,,,,,,
Chanel,Karl Lagerfeld,1990.0,2019.0,30,1990s,2000.0,11,,,,,,,,,,,,,,,,
Chanel,Karl Lagerfeld,1990.0,2019.0,30,1990s,2001.0,12,,,,,,,,,,,,,,,,
Chanel,Karl Lagerfeld,1990.0,2019.0,30,1990s,2002.0,13,,,,,,,,,,,,,,,,
Chanel,Karl Lagerfeld,1990.0,2019.0,30,1990s,2003.0,14,,,,,,,,,,,,,,,,
Chanel,Karl Lagerfeld,1990.0,2019.0,30,1990s,2004.0,15,,,,,,,,,,,,,,,,
Chanel,Karl Lagerfeld,1990.0,2019.0,30,1990s,2005.0,16,,,,,,,,,,,,,,,,
Chanel,Karl Lagerfeld,1990.0,2019.0,30,1990s,2006.0,17,,,,,,,,,,,,,,,,
Chanel,Karl Lagerfeld,1990.0,2019.0,30,1990s,2007.0,18,,,,,,,,,,,,,,,,
Chanel,Karl Lagerfeld,1990.0,2019.0,30,1990s,2008.0,19,,,,,,,,,,,,,,,,
Chanel,Karl Lagerfeld,1990.0,2019.0,30,1990s,2009.0,20,,,,,,,,,,,,,,,,
Chanel,Karl Lagerfeld,1990.0,2019.0,30,1990s,2010.0,21,,,,,,,,,,,,,,,,
Chanel,Karl Lagerfeld,1990.0,2019.0,30,1990s,2011.0,22,,,,,,,,,,,,,,,,
Chanel,Karl Lagerfeld,1990.0,2019.0,30,1990s,2012.0,23,,,,,,,,,,,,,,,,
Chanel,Karl Lagerfeld,1990.0,2019.0,30,1990s,2013.0,24,,,,,,,,,,,,,,,,
Chanel,Karl Lagerfeld,1990.0,2019.0,30,1990s,2014.0,25,,,,,,,,,,,,,,,,
Chanel,Karl Lagerfeld,1990.0,2019.0,30,1990s,2015.0,26,,,,,,,,,,,,,,,,
Chanel,Karl Lagerfeld,1990.0,2019.0,30,1990s,2016.0,27,,,,,,,,,,,,,,,,
Chanel,Karl Lagerfeld,1990.0,2019.0,30,1990s,2017.0,28,,,,,,,,,,,,,,,,
Chanel,Karl Lagerfeld,1990.0,2019.0,30,1990s,2018.0,29,,,,,,,,,,,,,,,,
Chanel,Karl Lagerfeld,1990.0,2019.0,30,1990s,2019.0,30,,,,,,,,,,,,,,,,
Chanel,Virginie Viard,2019.0,2024.0,6,2010s,2019.0,1,,,,,,,,,,,,,,,,
Chanel,Virginie Viard,2019.0,2024.0,6,2010s,2020.0,2,,,,,,,,,,,,,,,,
Chanel,Virginie Viard,2019.0,2024.0,6,2010s,2021.0,3,,,,,,,,,,,,,,,,
Chanel,Virginie Viard,2019.0,2024.0,6,2010s,2022.0,4,,,,,,,,,,,,,,,,
Chanel,Virginie Viard,2019.0,2024.0,6,2010s,2023.0,5,,,,,,,,,,,,,,,,
Chanel,Virginie Viard,2019.0,2024.0,6,2010s,2024.0,6,,,,,,,,,,,,,,,,
Hermès Women,Eric Bergère,1990.0,1997.0,8,1990s,1990.0,1,,,,,,,,,,,,,,,,
Hermès Women,Eric Bergère,1990.0,1997.0,8,1990s,1991.0,2,,,,,,,,,,,,,,,,
Hermès Women,Eric Bergère,1990.0,1997.0,8,1990s,1992.0,3,,,,,,,,,,,,,,,,
Hermès Women,Eric Bergère,1990.0,1997.0,8,1990s,1993.0,4,,,,,,,,,,,,,,,,
Hermès Women,Eric Bergère,1990.0,1997.0,8,1990s,1994.0,5,,,,,,,,,,,,,,,,
Hermès Women,Eric Bergère,1990.0,1997.0,8,1990s,1995.0,6,,,,,,,,,,,,,,,,
Hermès Women,Eric Bergère,1990.0,1997.0,8,1990s,1996.0,7,,,,,,,,,,,,,,,,
Hermès Women,Eric Bergère,1990.0,1997.0,8,1990s,1997.0,8,,,,,,,,,,,,,,,,
Hermès Women,Martin Margiela,1997.0,2003.0,7,1990s,1997.0,1,,,,,,,,,,,,,,,,
Hermès Women,Martin Margiela,1997.0,2003.0,7,1990s,1998.0,2,,,,,,,,,,,,,,,,
Hermès Women,Martin Margiela,1997.0,2003.0,7,1990s,1999.0,3,,,,,,,,,,,,,,,,
Hermès Women,Martin Margiela,1997.0,2003.0,7,1990s,2000.0,4,,,,,,,,,,,,,,,,
Hermès Women,Martin Margiela,1997.0,2003.0,7,1990s,2001.0,5,,,,,,,,,,,,,,,,
Hermès Women,Martin Margiela,1997.0,2003.0,7,1990s,2002.0,6,,,,,,,,,,,,,,,,
Hermès Women,Martin Margiela,1997.0,2003.0,7,1990s,2003.0,7,,,,,,,,,,,,,,,,
Hermès Women,Jean-Paul Gaultier,2004.0,2010.0,7,2000s,2004.0,1,,,,,,,,,,,,,,,,
Hermès Women,Jean-Paul Gaultier,2004.0,2010.0,7,2000s,2005.0,2,,,,,,,,,,,,,,,,
Hermès Women,Jean-Paul Gaultier,2004.0,2010.0,7,2000s,2006.0,3,,,,,,,,,,,,,,,,
Hermès Women,Jean-Paul Gaultier,2004.0,2010.0,7,2000s,2007.0,4,,,,,,,,,,,,,,,,
Hermès Women,Jean-Paul Gaultier,2004.0,2010.0,7,2000s,2008.0,5,,,,,,,,,,,,,,,,
Hermès Women,Jean-Paul Gaultier,2004.0,2010.0,7,2000s,2009.0,6,,,,,,,,,,,,,,,,
Hermès Women,Jean-Paul Gaultier,2004.0,2010.0,7,2000s,2010.0,7,,,,,,,,,,,,,,,,
Hermès Women,Christophe Lemaire,2010.0,2014.0,5,2010s,2010.0,1,,,,,,,,,,,,,,,,
Hermès Women,Christophe Lemaire,2010.0,2014.0,5,2010s,2011.0,2,,,,,,,,,,,,,,,,
Hermès Women,Christophe Lemaire,2010.0,2014.0,5,2010s,2012.0,3,,,,,,,,,,,,,,,,
Hermès Women,Christophe Lemaire,2010.0,2014.0,5,2010s,2013.0,4,,,,,,,,,,,,,,,,
Hermès Women,Christophe Lemaire,2010.0,2014.0,5,2010s,2014.0,5,,,,,,,,,,,,,,,,
Hermès Women,Nadège Vanhee-Cybulski,2014.0,2024.0,11,2010s,2014.0,1,,,,,,,,,,,,,,,,
Hermès Women,Nadège Vanhee-Cybulski,2014.0,2024.0,11,2010s,2015.0,2,,,,,,,,,,,,,,,,
Hermès Women,Nadège Vanhee-Cybulski,2014.0,2024.0,11,2010s,2016.0,3,,,,,,,,,,,,,,,,
Hermès Women,Nadège Vanhee-Cybulski,2014.0,2024.0,11,2010s,2017.0,4,,,,,,,,,,,,,,,,
Hermès Women,Nadège Vanhee-Cybulski,2014.0,2024.0,11,2010s,2018.0,5,,,,,,,,,,,,,,,,
Hermès Women,Nadège Vanhee-Cybulski,2014.0,2024.0,11,2010s,2019.0,6,,,,,,,,,,,,,,,,
Hermès Women,Nadège Vanhee-Cybulski,2014.0,2024.0,11,2010s,2020.0,7,,,,,,,,,,,,,,,,
Hermès Women,Nadège Vanhee-Cybulski,2014.0,2024.0,11,2010s,2021.0,8,,,,,,,,,,,,,,,,
Hermès Women,Nadège Vanhee-Cybulski,2014.0,2024.0,11,2010s,2022.0,9,,,,,,,,,,,,,,,,
Hermès Women,Nadège Vanhee-Cybulski,2014.0,2024.0,11,2010s,2023.0,10,,,,,,,,,,,,,,,,
Hermès Women,Nadège Vanhee-Cybulski,2014.0,2024.0,11,2010s,2024.0,11,,,,,,,,,,,,,,,,
Hermès Men,Véronique Nichanian,1990.0,2024.0,35,1990s,1990.0,1,,,,,,,,,,,,,,,,
Hermès Men,Véronique Nichanian,1990.0,2024.0,35,1990s,1991.0,2,,,,,,,,,,,,,,,,
Hermès Men,Véronique Nichanian,1990.0,2024.0,35,1990s,1992.0,3,,,,,,,,,,,,,,,,
Hermès Men,Véronique Nichanian,1990.0,2024.0,35,1990s,1993.0,4,,,,,,,,,,,,,,,,
Hermès Men,Véronique Nichanian,1990.0,2024.0,35,1990s,1994.0,5,,,,,,,,,,,,,,,,
Hermès Men,Véronique Nichanian,1990.0,2024.0,35,1990s,1995.0,6,,,,,,,,,,,,,,,,
Hermès Men,Véronique Nichanian,1990.0,2024.0,35,1990s,1996.0,7,,,,,,,,,,,,,,,,
Hermès Men,Véronique Nichanian,1990.0,2024.0,35,1990s,1997.0,8,,,,,,,,,,,,,,,,
Hermès Men,Véronique Nichanian,1990.0,2024.0,35,1990s,1998.0,9,,,,,,,,,,,,,,,,
Hermès Men,Véronique Nichanian,1990.0,2024.0,35,1990s,1999.0,10,,,,,,,,,,,,,,,,
Hermès Men,Véronique Nichanian,1990.0,2024.0,35,1990s,2000.0,11,,,,,,,,,,,,,,,,
Hermès Men,Véronique Nichanian,1990.0,2024.0,35,1990s,2001.0,12,,,,,,,,,,,,,,,,
Hermès Men,Véronique Nichanian,1990.0,2024.0,35,1990s,2002.0,13,,,,,,,,,,,,,,,,
Hermès Men,Véronique Nichanian,1990.0,2024.0,35,1990s,2003.0,14,,,,,,,,,,,,,,,,
Hermès Men,Véronique Nichanian,1990.0,2024.0,35,1990s,2004.0,15,,,,,,,,,,,,,,,,
Hermès Men,Véronique Nichanian,1990.0,2024.0,35,1990s,2005.0,16,,,,,,,,,,,,,,,,
Hermès Men,Véronique Nichanian,1990.0,2024.0,35,1990s,2006.0,17,,,,,,,,,,,,,,,,
Hermès Men,Véronique Nichanian,1990.0,2024.0,35,1990s,2007.0,18,,,,,,,,,,,,,,,,
Hermès Men,Véronique Nichanian,1990.0,2024.0,35,1990s,2008.0,19,,,,,,,,,,,,,,,,
Hermès Men,Véronique Nichanian,1990.0,2024.0,35,1990s,2009.0,20,,,,,,,,,,,,,,,,
Hermès Men,Véronique Nichanian,1990.0,2024.0,35,1990s,2010.0,21,,,,,,,,,,,,,,,,
Hermès Men,Véronique Nichanian,1990.0,2024.0,35,1990s,2011.0,22,,,,,,,,,,,,,,,,
Hermès Men,Véronique Nichanian,1990.0,2024.0,35,1990s,2012.0,23,,,,,,,,,,,,,,,,
Hermès Men,Véronique Nichanian,1990.0,2024.0,35,1990s,2013.0,24,,,,,,,,,,,,,,,,
Hermès Men,Véronique Nichanian,1990.0,2024.0,35,1990s,2014.0,25,,,,,,,,,,,,,,,,
Hermès Men,Véronique Nichanian,1990.0,2024.0,35,1990s,2015.0,26,,,,,,,,,,,,,,,,
Hermès Men,Véronique Nichanian,1990.0,2024.0,35,1990s,2016.0,27,,,,,,,,,,,,,,,,
Hermès Men,Véronique Nichanian,1990.0,2024.0,35,1990s,2017.0,28,,,,,,,,,,,,,,,,
Hermès Men,Véronique Nichanian,1990.0,2024.0,35,1990s,2018.0,29,,,,,,,,,,,,,,,,
Hermès Men,Véronique Nichanian,1990.0,2024.0,35,1990s,2019.0,30,,,,,,,,,,,,,,,,
Hermès Men,Véronique Nichanian,1990.0,2024.0,35,1990s,2020.0,31,,,,,,,,,,,,,,,,
Hermès Men,Véronique Nichanian,1990.0,2024.0,35,1990s,2021.0,32,,,,,,,,,,,,,,,,
Hermès Men,Véronique Nichanian,1990.0,2024.0,35,1990s,2022.0,33,,,,,,,,,,,,,,,,
Hermès Men,Véronique Nichanian,1990.0,2024.0,35,1990s,2023.0,34,,,,,,,,,,,,,,,,
Hermès Men,Véronique Nichanian,1990.0,2024.0,35,1990s,2024.0,35,,,,,,,,,,,,,,,,
Gucci,Tom Ford,1994.0,2004.0,11,1990s,1994.0,1,,,,,,,,,,,,,,,,
Gucci,Tom Ford,1994.0,2004.0,11,1990s,1995.0,2,,,,,,,,,,,,,,,,
Gucci,Tom Ford,1994.0,2004.0,11,1990s,1996.0,3,,,,,,,,,,,,,,,,
Gucci,Tom Ford,1994.0,2004.0,11,1990s,1997.0,4,,,,,,,,,,,,,,,,
Gucci,Tom Ford,1994.0,2004.0,11,1990s,1998.0,5,,,,,,,,,,,,,,,,
Gucci,Tom Ford,1994.0,2004.0,11,1990s,1999.0,6,,,,,,,,,,,,,,,,
Gucci,Tom Ford,1994.0,2004.0,11,1990s,2000.0,7,,,,,,,,,,,,,,,,
Gucci,Tom Ford,1994.0,2004.0,11,1990s,2001.0,8,,,,,,,,,,,,,,,,
Gucci,Tom Ford,1994.0,2004.0,11,1990s,2002.0,9,,,,,,,,,,,,,,,,
Gucci,Tom Ford,1994.0,2004.0,11,1990s,2003.0,10,,,,,,,,,,,,,,,,
Gucci,Tom Ford,1994.0,2004.0,11,1990s,2004.0,11,,,,,,,,,,,,,,,,
Gucci,Frida Giannini,2004.0,2015.0,12,2000s,2004.0,1,,,,,,,,,,,,,,,,
Gucci,Frida Giannini,2004.0,2015.0,12,2000s,2005.0,2,,,,,,,,,,,,,,,,
Gucci,Frida Giannini,2004.0,2015.0,12,2000s,2006.0,3,,,,,,,,,,,,,,,,
Gucci,Frida Giannini,2004.0,2015.0,12,2000s,2007.0,4,,,,,,,,,,,,,,,,
Gucci,Frida Giannini,2004.0,2015.0,12,2000s,2008.0,5,,,,,,,,,,,,,,,,
Gucci,Frida Giannini,2004.0,2015.0,12,2000s,2009.0,6,,,,,,,,,,,,,,,,
Gucci,Frida Giannini,2004.0,2015.0,12,2000s,2010.0,7,,,,,,,,,,,,,,,,
Gucci,Frida Giannini,2004.0,2015.0,12,2000s,2011.0,8,,,,,,,,,,,,,,,,
Gucci,Frida Giannini,2004.0,2015.0,12,2000s,2012.0,9,,,,,,,,,,,,,,,,
Gucci,Frida Giannini,2004.0,2015.0,12,2000s,2013.0,10,,,,,,,,,,,,,,,,
Gucci,Frida Giannini,2004.0,2015.0,12,2000s,2014.0,11,,,,,,,,,,,,,,,,
Gucci,Frida Giannini,2004.0,2015.0,12,2000s,2015.0,12,,,,,,,,,,,,,,,,
Gucci,Alessandro Michele,2015.0,2022.0,8,2010s,2015.0,1,,,,,,,,,,,,,,,,
Gucci,Alessandro Michele,2015.0,2022.0,8,2010s,2016.0,2,,,,,,,,,,,,,,,,
Gucci,Alessandro Michele,2015.0,2022.0,8,2010s,2017.0,3,,,,,,,,,,,,,,,,
Gucci,Alessandro Michele,2015.0,2022.0,8,2010s,2018.0,4,,,,,,,,,,,,,,,,
Gucci,Alessandro Michele,2015.0,2022.0,8,2010s,2019.0,5,,,,,,,,,,,,,,,,
Gucci,Alessandro Michele,2015.0,2022.0,8,2010s,2020.0,6,,,,,,,,,,,,,,,,
Gucci,Alessandro Michele,2015.0,2022.0,8,2010s,2021.0,7,,,,,,,,,,,,,,,,
Gucci,Alessandro Michele,2015.0,2022.0,8,2010s,2022.0,8,,,,,,,,,,,,,,,,
Gucci,Sabato De Sarno,2023.0,2024.0,2,2020s,2023.0,1,,,,,,,,,,,,,,,,
Gucci,Sabato De Sarno,2023.0,2024.0,2,2020s,2024.0,2,,,,,,,,,,,,,,,,
Dior Women,Gianfranco Ferré,1990.0,1996.0,7,1990s,1990.0,1,,,,,,,,,,,,,,,,
Dior Women,Gianfranco Ferré,1990.0,1996.0,7,1990s,1991.0,2,,,,,,,,,,,,,,,,
Dior Women,Gianfranco Ferré,1990.0,1996.0,7,1990s,1992.0,3,,,,,,,,,,,,,,,,
Dior Women,Gianfranco Ferré,1990.0,1996.0,7,1990s,1993.0,4,,,,,,,,,,,,,,,,
Dior Women,Gianfranco Ferré,1990.0,1996.0,7,1990s,1994.0,5,,,,,,,,,,,,,,,,
Dior Women,Gianfranco Ferré,1990.0,1996.0,7,1990s,1995.0,6,,,,,,,,,,,,,,,,
Dior Women,Gianfranco Ferré,1990.0,1996.0,7,1990s,1996.0,7,,,,,,,,,,,,,,,,
Dior Women,John Galliano,1997.0,2011.0,15,1990s,1997.0,1,,,,,,,,,,,,,,,,
Dior Women,John Galliano,1997.0,2011.0,15,1990s,1998.0,2,,,,,,,,,,,,,,,,
Dior Women,John Galliano,1997.0,2011.0,15,1990s,1999.0,3,,,,,,,,,,,,,,,,
Dior Women,John Galliano,1997.0,2011.0,15,1990s,2000.0,4,,,,,,,,,,,,,,,,
Dior Women,John Galliano,1997.0,2011.0,15,1990s,2001.0,5,,,,,,,,,,,,,,,,
Dior Women,John Galliano,1997.0,2011.0,15,1990s,2002.0,6,,,,,,,,,,,,,,,,
Dior Women,John Galliano,1997.0,2011.0,15,1990s,2003.0,7,,,,,,,,,,,,,,,,
Dior Women,John Galliano,1997.0,2011.0,15,1990s,2004.0,8,,,,,,,,,,,,,,,,
Dior Women,John Galliano,1997.0,2011.0,15,1990s,2005.0,9,,,,,,,,,,,,,,,,
Dior Women,John Galliano,1997.0,2011.0,15,1990s,2006.0,10,,,,,,,,,,,,,,,,
Dior Women,John Galliano,1997.0,2011.0,15,1990s,2007.0,11,,,,,,,,,,,,,,,,
Dior Women,John Galliano,1997.0,2011.0,15,1990s,2008.0,12,,,,,,,,,,,,,,,,
Dior Women,John Galliano,1997.0,2011.0,15,1990s,2009.0,13,,,,,,,,,,,,,,,,
Dior Women,John Galliano,1997.0,2011.0,15,1990s,2010.0,14,,,,,,,,,,,,,,,,
Dior Women,John Galliano,1997.0,2011.0,15,1990s,2011.0,15,,,,,,,,,,,,,,,,
Dior Women,Raf Simons,2012.0,2015.0,4,2010s,2012.0,1,,,,,,,,,,,,,,,,
Dior Women,Raf Simons,2012.0,2015.0,4,2010s,2013.0,2,,,,,,,,,,,,,,,,
Dior Women,Raf Simons,2012.0,2015.0,4,2010s,2014.0,3,,,,,,,,,,,,,,,,
Dior Women,Raf Simons,2012.0,2015.0,4,2010s,2015.0,4,,,,,,,,,,,,,,,,
Dior Women,Maria Grazia Chiuri,2016.0,2024.0,9,2010s,2016.0,1,,,,,,,,,,,,,,,,
Dior Women,Maria Grazia Chiuri,2016.0,2024.0,9,2010s,2017.0,2,,,,,,,,,,,,,,,,
Dior Women,Maria Grazia Chiuri,2016.0,2024.0,9,2010s,2018.0,3,,,,,,,,,,,,,,,,
Dior Women,Maria Grazia Chiuri,2016.0,2024.0,9,2010s,2019.0,4,,,,,,,,,,,,,,,,
Dior Women,Maria Grazia Chiuri,2016.0,2024.0,9,2010s,2020.0,5,,,,,,,,,,,,,,,,
Dior Women,Maria Grazia Chiuri,2016.0,2024.0,9,2010s,2021.0,6,,,,,,,,,,,,,,,,
Dior Women,Maria Grazia Chiuri,2016.0,2024.0,9,2010s,2022.0,7,,,,,,,,,,,,,,,,
Dior Women,Maria Grazia Chiuri,2016.0,2024.0,9,2010s,2023.0,8,,,,,,,,,,,,,,,,
Dior Women,Maria Grazia Chiuri,2016.0,2024.0,9,2010s,2024.0,9,,,,,,,,,,,,,,,,
Dior Women,Jonathan Anderson,2024.0,2024.0,1,2020s,2024.0,1,,,,,,,,,,,,,,,,
Dior Men,Hedi Slimane,2001.0,2007.0,7,2000s,2001.0,1,,,,,,,,,,,,,,,,
Dior Men,Hedi Slimane,2001.0,2007.0,7,2000s,2002.0,2,,,,,,,,,,,,,,,,
Dior Men,Hedi Slimane,2001.0,2007.0,7,2000s,2003.0,3,,,,,,,,,,,,,,,,
Dior Men,Hedi Slimane,2001.0,2007.0,7,2000s,2004.0,4,,,,,,,,,,,,,,,,
Dior Men,Hedi Slimane,2001.0,2007.0,7,2000s,2005.0,5,,,,,,,,,,,,,,,,
Dior Men,Hedi Slimane,2001.0,2007.0,7,2000s,2006.0,6,,,,,,,,,,,,,,,,
Dior Men,Hedi Slimane,2001.0,2007.0,7,2000s,2007.0,7,,,,,,,,,,,,,,,,
Dior Men,Kris Van Assche,2007.0,2018.0,12,2000s,2007.0,1,,,,,,,,,,,,,,,,
Dior Men,Kris Van Assche,2007.0,2018.0,12,2000s,2008.0,2,,,,,,,,,,,,,,,,
Dior Men,Kris Van Assche,2007.0,2018.0,12,2000s,2009.0,3,,,,,,,,,,,,,,,,
Dior Men,Kris Van Assche,2007.0,2018.0,12,2000s,2010.0,4,,,,,,,,,,,,,,,,
Dior Men,Kris Van Assche,2007.0,2018.0,12,2000s,2011.0,5,,,,,,,,,,,,,,,,
Dior Men,Kris Van Assche,2007.0,2018.0,12,2000s,2012.0,6,,,,,,,,,,,,,,,,
Dior Men,Kris Van Assche,2007.0,2018.0,12,2000s,2013.0,7,,,,,,,,,,,,,,,,
Dior Men,Kris Van Assche,2007.0,2018.0,12,2000s,2014.0,8,,,,,,,,,,,,,,,,
Dior Men,Kris Van Assche,2007.0,2018.0,12,2000s,2015.0,9,,,,,,,,,,,,,,,,
Dior Men,Kris Van Assche,2007.0,2018.0,12,2000s,2016.0,10,,,,,,,,,,,,,,,,
Dior Men,Kris Van Assche,2007.0,2018.0,12,2000s,2017.0,11,,,,,,,,,,,,,,,,
Dior Men,Kris Van Assche,2007.0,2018.0,12,2000s,2018.0,12,,,,,,,,,,,,,,,,
Dior Men,Kim Jones,2018.0,2024.0,7,2010s,2018.0,1,,,,,,,,,,,,,,,,
Dior Men,Kim Jones,2018.0,2024.0,7,2010s,2019.0,2,,,,,,,,,,,,,,,,
Dior Men,Kim Jones,2018.0,2024.0,7,2010s,2020.0,3,,,,,,,,,,,,,,,,
Dior Men,Kim Jones,2018.0,2024.0,7,2010s,2021.0,4,,,,,,,,,,,,,,,,
Dior Men,Kim Jones,2018.0,2024.0,7,2010s,2022.0,5,,,,,,,,,,,,,,,,
Dior Men,Kim Jones,2018.0,2024.0,7,2010s,2023.0,6,,,,,,,,,,,,,,,,
Dior Men,Kim Jones,2018.0,2024.0,7,2010s,2024.0,7,,,,,,,,,,,,,,,,
Prada,Raf Simons and Miuccia Prada,2020.0,2024.0,5,2020s,2020.0,1,,,,,,,,,,,,,,,,
Prada,Raf Simons and Miuccia Prada,2020.0,2024.0,5,2020s,2021.0,2,,,,,,,,,,,,,,,,
Prada,Raf Simons and Miuccia Prada,2020.0,2024.0,5,2020s,2022.0,3,,,,,,,,,,,,,,,,
Prada,Raf Simons and Miuccia Prada,2020.0,2024.0,5,2020s,2023.0,4,,,,,,,,,,,,,,,,
Prada,Raf Simons and Miuccia Prada,2020.0,2024.0,5,2020s,2024.0,5,,,,,,,,,,,,,,,,
Prada,Miuccia Prada,1990.0,2024.0,35,1990s,1990.0,1,,,,,,,,,,,,,,,,
Prada,Miuccia Prada,1990.0,2024.0,35,1990s,1991.0,2,,,,,,,,,,,,,,,,
Prada,Miuccia Prada,1990.0,2024.0,35,1990s,1992.0,3,,,,,,,,,,,,,,,,
Prada,Miuccia Prada,1990.0,2024.0,35,1990s,1993.0,4,,,,,,,,,,,,,,,,
Prada,Miuccia Prada,1990.0,2024.0,35,1990s,1994.0,5,,,,,,,,,,,,,,,,
Prada,Miuccia Prada,1990.0,2024.0,35,1990s,1995.0,6,,,,,,,,,,,,,,,,
Prada,Miuccia Prada,1990.0,2024.0,35,1990s,1996.0,7,,,,,,,,,,,,,,,,
Prada,Miuccia Prada,1990.0,2024.0,35,1990s,1997.0,8,,,,,,,,,,,,,,,,
Prada,Miuccia Prada,1990.0,2024.0,35,1990s,1998.0,9,,,,,,,,,,,,,,,,
Prada,Miuccia Prada,1990.0,2024.0,35,1990s,1999.0,10,,,,,,,,,,,,,,,,
Prada,Miuccia Prada,1990.0,2024.0,35,1990s,2000.0,11,,,,,,,,,,,,,,,,
Prada,Miuccia Prada,1990.0,2024.0,35,1990s,2001.0,12,,,,,,,,,,,,,,,,
Prada,Miuccia Prada,1990.0,2024.0,35,1990s,2002.0,13,,,,,,,,,,,,,,,,
Prada,Miuccia Prada,1990.0,2024.0,35,1990s,2003.0,14,,,,,,,,,,,,,,,,
Prada,Miuccia Prada,1990.0,2024.0,35,1990s,2004.0,15,,,,,,,,,,,,,,,,
Prada,Miuccia Prada,1990.0,2024.0,35,1990s,2005.0,16,,,,,,,,,,,,,,,,
Prada,Miuccia Prada,1990.0,2024.0,35,1990s,2006.0,17,,,,,,,,,,,,,,,,
Prada,Miuccia Prada,1990.0,2024.0,35,1990s,2007.0,18,,,,,,,,,,,,,,,,
Prada,Miuccia Prada,1990.0,2024.0,35,1990s,2008.0,19,,,,,,,,,,,,,,,,
Prada,Miuccia Prada,1990.0,2024.0,35,1990s,2009.0,20,,,,,,,,,,,,,,,,
Prada,Miuccia Prada,1990.0,2024.0,35,1990s,2010.0,21,,,,,,,,,,,,,,,,
Prada,Miuccia Prada,1990.0,2024.0,35,1990s,2011.0,22,,,,,,,,,,,,,,,,
Prada,Miuccia Prada,1990.0,2024.0,35,1990s,2012.0,23,,,,,,,,,,,,,,,,
Prada,Miuccia Prada,1990.0,2024.0,35,1990s,2013.0,24,,,,,,,,,,,,,,,,
Prada,Miuccia Prada,1990.0,2024.0,35,1990s,2014.0,25,,,,,,,,,,,,,,,,
Prada,Miuccia Prada,1990.0,2024.0,35,1990s,2015.0,26,,,,,,,,,,,,,,,,
Prada,Miuccia Prada,1990.0,2024.0,35,1990s,2016.0,27,,,,,,,,,,,,,,,,
Prada,Miuccia Prada,1990.0,2024.0,35,1990s,2017.0,28,,,,,,,,,,,,,,,,
Prada,Miuccia Prada,1990.0,2024.0,35,1990s,2018.0,29,,,,,,,,,,,,,,,,
Prada,Miuccia Prada,1990.0,2024.0,35,1990s,2019.0,30,,,,,,,,,,,,,,,,
Prada,Miuccia Prada,1990.0,2024.0,35,1990s,2020.0,31,,,,,,,,,,,,,,,,
Prada,Miuccia Prada,1990.0,2024.0,35,1990s,2021.0,32,,,,,,,,,,,,,,,,
Prada,Miuccia Prada,1990.0,2024.0,35,1990s,2022.0,33,,,,,,,,,,,,,,,,
Prada,Miuccia Prada,1990.0,2024.0,35,1990s,2023.0,34,,,,,,,,,,,,,,,,
Prada,Miuccia Prada,1990.0,2024.0,35,1990s,2024.0,35,,,,,,,,,,,,,,,,
Burberry,Roberto Menichetti,1998.0,2001.0,4,1990s,1998.0,1,,,,,,,,,,,,,,,,
Burberry,Roberto Menichetti,1998.0,2001.0,4,1990s,1999.0,2,,,,,,,,,,,,,,,,
Burberry,Roberto Menichetti,1998.0,2001.0,4,1990s,2000.0,3,,,,,,,,,,,,,,,,
Burberry,Roberto Menichetti,1998.0,2001.0,4,1990s,2001.0,4,,,,,,,,,,,,,,,,
Burberry,Christopher Bailey,2001.0,2018.0,18,2000s,2001.0,1,,,,,,,,,,,,,,,,
Burberry,Christopher Bailey,2001.0,2018.0,18,2000s,2002.0,2,,,,,,,,,,,,,,,,
Burberry,Christopher Bailey,2001.0,2018.0,18,2000s,2003.0,3,,,,,,,,,,,,,,,,
Burberry,Christopher Bailey,2001.0,2018.0,18,2000s,2004.0,4,,,,,,,,,,,,,,,,
Burberry,Christopher Bailey,2001.0,2018.0,18,2000s,2005.0,5,,,,,,,,,,,,,,,,
Burberry,Christopher Bailey,2001.0,2018.0,18,2000s,2006.0,6,,,,,,,,,,,,,,,,
Burberry,Christopher Bailey,2001.0,2018.0,18,2000s,2007.0,7,,,,,,,,,,,,,,,,
Burberry,Christopher Bailey,2001.0,2018.0,18,2000s,2008.0,8,,,,,,,,,,,,,,,,
Burberry,Christopher Bailey,2001.0,2018.0,18,2000s,2009.0,9,,,,,,,,,,,,,,,,
Burberry,Christopher Bailey,2001.0,2018.0,18,2000s,2010.0,10,,,,,,,,,,,,,,,,
Burberry,Christopher Bailey,2001.0,2018.0,18,2000s,2011.0,11,,,,,,,,,,,,,,,,
Burberry,Christopher Bailey,2001.0,2018.0,18,2000s,2012.0,12,,,,,,,,,,,,,,,,
Burberry,Christopher Bailey,2001.0,2018.0,18,2000s,2013.0,13,,,,,,,,,,,,,,,,
Burberry,Christopher Bailey,2001.0,2018.0,18,2000s,2014.0,14,,,,,,,,,,,,,,,,
Burberry,Christopher Bailey,2001.0,2018.0,18,2000s,2015.0,15,,,,,,,,,,,,,,,,
Burberry,Christopher Bailey,2001.0,2018.0,18,2000s,2016.0,16,,,,,,,,,,,,,,,,
Burberry,Christopher Bailey,2001.0,2018.0,18,2000s,2017.0,17,,,,,,,,,,,,,,,,
Burberry,Christopher Bailey,2001.0,2018.0,18,2000s,2018.0,18,,,,,,,,,,,,,,,,
Burberry,Riccardo Tisci,2018.0,2022.0,5,2010s,2018.0,1,,,,,,,,,,,,,,,,
Burberry,Riccardo Tisci,2018.0,2022.0,5,2010s,2019.0,2,,,,,,,,,,,,,,,,
Burberry,Riccardo Tisci,2018.0,2022.0,5,2010s,2020.0,3,,,,,,,,,,,,,,,,
Burberry,Riccardo Tisci,2018.0,2022.0,5,2010s,2021.0,4,,,,,,,,,,,,,,,,
Burberry,Riccardo Tisci,2018.0,2022.0,5,2010s,2022.0,5,,,,,,,,,,,,,,,,
Burberry,Daniel Lee,2022.0,2024.0,3,2020s,2022.0,1,,,,,,,,,,,,,,,,
Burberry,Daniel Lee,2022.0,2024.0,3,2020s,2023.0,2,,,,,,,,,,,,,,,,
Burberry,Daniel Lee,2022.0,2024.0,3,2020s,2024.0,3,,,,,,,,,,,,,,,,
Saint Laurent,Yves Saint Laurent,1990.0,1999.0,10,1990s,1990.0,1,,,,,,,,,,,,,,,,
Saint Laurent,Yves Saint Laurent,1990.0,1999.0,10,1990s,1991.0,2,,,,,,,,,,,,,,,,
Saint Laurent,Yves Saint Laurent,1990.0,1999.0,10,1990s,1992.0,3,,,,,,,,,,,,,,,,
Saint Laurent,Yves Saint Laurent,1990.0,1999.0,10,1990s,1993.0,4,,,,,,,,,,,,,,,,
Saint Laurent,Yves Saint Laurent,1990.0,1999.0,10,1990s,1994.0,5,,,,,,,,,,,,,,,,
Saint Laurent,Yves Saint Laurent,1990.0,1999.0,10,1990s,1995.0,6,,,,,,,,,,,,,,,,
Saint Laurent,Yves Saint Laurent,1990.0,1999.0,10,1990s,1996.0,7,,,,,,,,,,,,,,,,
Saint Laurent,Yves Saint Laurent,1990.0,1999.0,10,1990s,1997.0,8,,,,,,,,,,,,,,,,
Saint Laurent,Yves Saint Laurent,1990.0,1999.0,10,1990s,1998.0,9,,,,,,,,,,,,,,,,
Saint Laurent,Yves Saint Laurent,1990.0,1999.0,10,1990s,1999.0,10,,,,,,,,,,,,,,,,
Saint Laurent,Tom Ford,1999.0,2004.0,6,1990s,1999.0,1,,,,,,,,,,,,,,,,
Saint Laurent,Tom Ford,1999.0,2004.0,6,1990s,2000.0,2,,,,,,,,,,,,,,,,
Saint Laurent,Tom Ford,1999.0,2004.0,6,1990s,2001.0,3,,,,,,,,,,,,,,,,
Saint Laurent,Tom Ford,1999.0,2004.0,6,1990s,2002.0,4,,,,,,,,,,,,,,,,
Saint Laurent,Tom Ford,1999.0,2004.0,6,1990s,2003.0,5,,,,,,,,,,,,,,,,
Saint Laurent,Tom Ford,1999.0,2004.0,6,1990s,2004.0,6,,,,,,,,,,,,,,,,
Saint Laurent,Stefano Pilati,2004.0,2012.0,9,2000s,2004.0,1,,,,,,,,,,,,,,,,
Saint Laurent,Stefano Pilati,2004.0,2012.0,9,2000s,2005.0,2,,,,,,,,,,,,,,,,
Saint Laurent,Stefano Pilati,2004.0,2012.0,9,2000s,2006.0,3,,,,,,,,,,,,,,,,
Saint Laurent,Stefano Pilati,2004.0,2012.0,9,2000s,2007.0,4,,,,,,,,,,,,,,,,
Saint Laurent,Stefano Pilati,2004.0,2012.0,9,2000s,2008.0,5,,,,,,,,,,,,,,,,
Saint Laurent,Stefano Pilati,2004.0,2012.0,9,2000s,2009.0,6,,,,,,,,,,,,,,,,
Saint Laurent,Stefano Pilati,2004.0,2012.0,9,2000s,2010.0,7,,,,,,,,,,,,,,,,
Saint Laurent,Stefano Pilati,2004.0,2012.0,9,2000s,2011.0,8,,,,,,,,,,,,,,,,
Saint Laurent,Stefano Pilati,2004.0,2012.0,9,2000s,2012.0,9,,,,,,,,,,,,,,,,
Saint Laurent,Hedi Slimane,2012.0,2016.0,5,2010s,2012.0,1,,,,,,,,,,,,,,,,
Saint Laurent,Hedi Slimane,2012.0,2016.0,5,2010s,2013.0,2,,,,,,,,,,,,,,,,
Saint Laurent,Hedi Slimane,2012.0,2016.0,5,2010s,2014.0,3,,,,,,,,,,,,,,,,
Saint Laurent,Hedi Slimane,2012.0,2016.0,5,2010s,2015.0,4,,,,,,,,,,,,,,,,
Saint Laurent,Hedi Slimane,2012.0,2016.0,5,2010s,2016.0,5,,,,,,,,,,,,,,,,
Saint Laurent,Anthony Vaccarello,2017.0,2024.0,8,2010s,2017.0,1,,,,,,,,,,,,,,,,
Saint Laurent,Anthony Vaccarello,2017.0,2024.0,8,2010s,2018.0,2,,,,,,,,,,,,,,,,
Saint Laurent,Anthony Vaccarello,2017.0,2024.0,8,2010s,2019.0,3,,,,,,,,,,,,,,,,
Saint Laurent,Anthony Vaccarello,2017.0,2024.0,8,2010s,2020.0,4,,,,,,,,,,,,,,,,
Saint Laurent,Anthony Vaccarello,2017.0,2024.0,8,2010s,2021.0,5,,,,,,,,,,,,,,,,
Saint Laurent,Anthony Vaccarello,2017.0,2024.0,8,2010s,2022.0,6,,,,,,,,,,,,,,,,
Saint Laurent,Anthony Vaccarello,2017.0,2024.0,8,2010s,2023.0,7,,,,,,,,,,,,,,,,
Saint Laurent,Anthony Vaccarello,2017.0,2024.0,8,2010s,2024.0,8,,,,,,,,,,,,,,,,
Balenciaga,Josephus Thimister,1992.0,1997.0,6,1990s,1992.0,1,,,,,,,,,,,,,,,,
Balenciaga,Josephus Thimister,1992.0,1997.0,6,1990s,1993.0,2,,,,,,,,,,,,,,,,
Balenciaga,Josephus Thimister,1992.0,1997.0,6,1990s,1994.0,3,,,,,,,,,,,,,,,,
Balenciaga,Josephus Thimister,1992.0,1997.0,6,1990s,1995.0,4,,,,,,,,,,,,,,,,
Balenciaga,Josephus Thimister,1992.0,1997.0,6,1990s,1996.0,5,,,,,,,,,,,,,,,,
Balenciaga,Josephus Thimister,1992.0,1997.0,6,1990s,1997.0,6,,,,,,,,,,,,,,,,
Balenciaga,Nicolas Ghesquière,1997.0,2012.0,16,1990s,1997.0,1,,,,,,,,,,,,,,,,
Balenciaga,Nicolas Ghesquière,1997.0,2012.0,16,1990s,1998.0,2,,,,,,,,,,,,,,,,
Balenciaga,Nicolas Ghesquière,1997.0,2012.0,16,1990s,1999.0,3,,,,,,,,,,,,,,,,
Balenciaga,Nicolas Ghesquière,1997.0,2012.0,16,1990s,2000.0,4,,,,,,,,,,,,,,,,
Balenciaga,Nicolas Ghesquière,1997.0,2012.0,16,1990s,2001.0,5,,,,,,,,,,,,,,,,
Balenciaga,Nicolas Ghesquière,1997.0,2012.0,16,1990s,2002.0,6,,,,,,,,,,,,,,,,
Balenciaga,Nicolas Ghesquière,1997.0,2012.0,16,1990s,2003.0,7,,,,,,,,,,,,,,,,
Balenciaga,Nicolas Ghesquière,1997.0,2012.0,16,1990s,2004.0,8,,,,,,,,,,,,,,,,
Balenciaga,Nicolas Ghesquière,1997.0,2012.0,16,1990s,2005.0,9,,,,,,,,,,,,,,,,
Balenciaga,Nicolas Ghesquière,1997.0,2012.0,16,1990s,2006.0,10,,,,,,,,,,,,,,,,
Balenciaga,Nicolas Ghesquière,1997.0,2012.0,16,1990s,2007.0,11,,,,,,,,,,,,,,,,
Balenciaga,Nicolas Ghesquière,1997.0,2012.0,16,1990s,2008.0,12,,,,,,,,,,,,,,,,
Balenciaga,Nicolas Ghesquière,1997.0,2012.0,16,1990s,2009.0,13,,,,,,,,,,,,,,,,
Balenciaga,Nicolas Ghesquière,1997.0,2012.0,16,1990s,2010.0,14,,,,,,,,,,,,,,,,
Balenciaga,Nicolas Ghesquière,1997.0,2012.0,16,1990s,2011.0,15,,,,,,,,,,,,,,,,
Balenciaga,Nicolas Ghesquière,1997.0,2012.0,16,1990s,2012.0,16,,,,,,,,,,,,,,,,
Balenciaga,Alexander Wang,2012.0,2015.0,4,2010s,2012.0,1,,,,,,,,,,,,,,,,
Balenciaga,Alexander Wang,2012.0,2015.0,4,2010s,2013.0,2,,,,,,,,,,,,,,,,
Balenciaga,Alexander Wang,2012.0,2015.0,4,2010s,2014.0,3,,,,,,,,,,,,,,,,
Balenciaga,Alexander Wang,2012.0,2015.0,4,2010s,2015.0,4,,,,,,,,,,,,,,,,
Balenciaga,Demna Gvasalia,2015.0,2024.0,10,2010s,2015.0,1,,,,,,,,,,,,,,,,
Balenciaga,Demna Gvasalia,2015.0,2024.0,10,2010s,2016.0,2,,,,,,,,,,,,,,,,
Balenciaga,Demna Gvasalia,2015.0,2024.0,10,2010s,2017.0,3,,,,,,,,,,,,,,,,
Balenciaga,Demna Gvasalia,2015.0,2024.0,10,2010s,2018.0,4,,,,,,,,,,,,,,,,
Balenciaga,Demna Gvasalia,2015.0,2024.0,10,2010s,2019.0,5,,,,,,,,,,,,,,,,
Balenciaga,Demna Gvasalia,2015.0,2024.0,10,2010s,2020.0,6,,,,,,,,,,,,,,,,
Balenciaga,Demna Gvasalia,2015.0,2024.0,10,2010s,2021.0,7,,,,,,,,,,,,,,,,
Balenciaga,Demna Gvasalia,2015.0,2024.0,10,2010s,2022.0,8,,,,,,,,,,,,,,,,
Balenciaga,Demna Gvasalia,2015.0,2024.0,10,2010s,2023.0,9,,,,,,,,,,,,,,,,
Balenciaga,Demna Gvasalia,2015.0,2024.0,10,2010s,2024.0,10,,,,,,,,,,,,,,,,
Fendi Women,Karl Lagerfeld,1990.0,2019.0,30,1990s,1990.0,1,,,,,,,,,,,,,,,,
Fendi Women,Karl Lagerfeld,1990.0,2019.0,30,1990s,1991.0,2,,,,,,,,,,,,,,,,
Fendi Women,Karl Lagerfeld,1990.0,2019.0,30,1990s,1992.0,3,,,,,,,,,,,,,,,,
Fendi Women,Karl Lagerfeld,1990.0,2019.0,30,1990s,1993.0,4,,,,,,,,,,,,,,,,
Fendi Women,Karl Lagerfeld,1990.0,2019.0,30,1990s,1994.0,5,,,,,,,,,,,,,,,,
Fendi Women,Karl Lagerfeld,1990.0,2019.0,30,1990s,1995.0,6,,,,,,,,,,,,,,,,
Fendi Women,Karl Lagerfeld,1990.0,2019.0,30,1990s,1996.0,7,,,,,,,,,,,,,,,,
Fendi Women,Karl Lagerfeld,1990.0,2019.0,30,1990s,1997.0,8,,,,,,,,,,,,,,,,
Fendi Women,Karl Lagerfeld,1990.0,2019.0,30,1990s,1998.0,9,,,,,,,,,,,,,,,,
Fendi Women,Karl Lagerfeld,1990.0,2019.0,30,1990s,1999.0,10,,,,,,,,,,,,,,,,
Fendi Women,Karl Lagerfeld,1990.0,2019.0,30,1990s,2000.0,11,,,,,,,,,,,,,,,,
Fendi Women,Karl Lagerfeld,1990.0,2019.0,30,1990s,2001.0,12,,,,,,,,,,,,,,,,
Fendi Women,Karl Lagerfeld,1990.0,2019.0,30,1990s,2002.0,13,,,,,,,,,,,,,,,,
Fendi Women,Karl Lagerfeld,1990.0,2019.0,30,1990s,2003.0,14,,,,,,,,,,,,,,,,
Fendi Women,Karl Lagerfeld,1990.0,2019.0,30,1990s,2004.0,15,,,,,,,,,,,,,,,,
Fendi Women,Karl Lagerfeld,1990.0,2019.0,30,1990s,2005.0,16,,,,,,,,,,,,,,,,
Fendi Women,Karl Lagerfeld,1990.0,2019.0,30,1990s,2006.0,17,,,,,,,,,,,,,,,,
Fendi Women,Karl Lagerfeld,1990.0,2019.0,30,1990s,2007.0,18,,,,,,,,,,,,,,,,
Fendi Women,Karl Lagerfeld,1990.0,2019.0,30,1990s,2008.0,19,,,,,,,,,,,,,,,,
Fendi Women,Karl Lagerfeld,1990.0,2019.0,30,1990s,2009.0,20,,,,,,,,,,,,,,,,
Fendi Women,Karl Lagerfeld,1990.0,2019.0,30,1990s,2010.0,21,,,,,,,,,,,,,,,,
Fendi Women,Karl Lagerfeld,1990.0,2019.0,30,1990s,2011.0,22,,,,,,,,,,,,,,,,
Fendi Women,Karl Lagerfeld,1990.0,2019.0,30,1990s,2012.0,23,,,,,,,,,,,,,,,,
Fendi Women,Karl Lagerfeld,1990.0,2019.0,30,1990s,2013.0,24,,,,,,,,,,,,,,,,
Fendi Women,Karl Lagerfeld,1990.0,2019.0,30,1990s,2014.0,25,,,,,,,,,,,,,,,,
Fendi Women,Karl Lagerfeld,1990.0,2019.0,30,1990s,2015.0,26,,,,,,,,,,,,,,,,
Fendi Women,Karl Lagerfeld,1990.0,2019.0,30,1990s,2016.0,27,,,,,,,,,,,,,,,,
Fendi Women,Karl Lagerfeld,1990.0,2019.0,30,1990s,2017.0,28,,,,,,,,,,,,,,,,
Fendi Women,Karl Lagerfeld,1990.0,2019.0,30,1990s,2018.0,29,,,,,,,,,,,,,,,,
Fendi Women,Karl Lagerfeld,1990.0,2019.0,30,1990s,2019.0,30,,,,,,,,,,,,,,,,
Fendi Women,Kim Jones,2020.0,2024.0,5,2020s,2020.0,1,,,,,,,,,,,,,,,,
Fendi Women,Kim Jones,2020.0,2024.0,5,2020s,2021.0,2,,,,,,,,,,,,,,,,
Fendi Women,Kim Jones,2020.0,2024.0,5,2020s,2022.0,3,,,,,,,,,,,,,,,,
Fendi Women,Kim Jones,2020.0,2024.0,5,2020s,2023.0,4,,,,,,,,,,,,,,,,
Fendi Women,Kim Jones,2020.0,2024.0,5,2020s,2024.0,5,,,,,,,,,,,,,,,,
Fendi Men,Silvia Venturini Fendi,1994.0,2024.0,31,1990s,1994.0,1,,,,,,,,,,,,,,,,
Fendi Men,Silvia Venturini Fendi,1994.0,2024.0,31,1990s,1995.0,2,,,,,,,,,,,,,,,,
Fendi Men,Silvia Venturini Fendi,1994.0,2024.0,31,1990s,1996.0,3,,,,,,,,,,,,,,,,
Fendi Men,Silvia Venturini Fendi,1994.0,2024.0,31,1990s,1997.0,4,,,,,,,,,,,,,,,,
Fendi Men,Silvia Venturini Fendi,1994.0,2024.0,31,1990s,1998.0,5,,,,,,,,,,,,,,,,
Fendi Men,Silvia Venturini Fendi,1994.0,2024.0,31,1990s,1999.0,6,,,,,,,,,,,,,,,,
Fendi Men,Silvia Venturini Fendi,1994.0,2024.0,31,1990s,2000.0,7,,,,,,,,,,,,,,,,
Fendi Men,Silvia Venturini Fendi,1994.0,2024.0,31,1990s,2001.0,8,,,,,,,,,,,,,,,,
Fendi Men,Silvia Venturini Fendi,1994.0,2024.0,31,1990s,2002.0,9,,,,,,,,,,,,,,,,
Fendi Men,Silvia Venturini Fendi,1994.0,2024.0,31,1990s,2003.0,10,,,,,,,,,,,,,,,,
Fendi Men,Silvia Venturini Fendi,1994.0,2024.0,31,1990s,2004.0,11,,,,,,,,,,,,,,,,
Fendi Men,Silvia Venturini Fendi,1994.0,2024.0,31,1990s,2005.0,12,,,,,,,,,,,,,,,,
Fendi Men,Silvia Venturini Fendi,1994.0,2024.0,31,1990s,2006.0,13,,,,,,,,,,,,,,,,
Fendi Men,Silvia Venturini Fendi,1994.0,2024.0,31,1990s,2007.0,14,,,,,,,,,,,,,,,,
Fendi Men,Silvia Venturini Fendi,1994.0,2024.0,31,1990s,2008.0,15,,,,,,,,,,,,,,,,
Fendi Men,Silvia Venturini Fendi,1994.0,2024.0,31,1990s,2009.0,16,,,,,,,,,,,,,,,,
Fendi Men,Silvia Venturini Fendi,1994.0,2024.0,31,1990s,2010.0,17,,,,,,,,,,,,,,,,
Fendi Men,Silvia Venturini Fendi,1994.0,2024.0,31,1990s,2011.0,18,,,,,,,,,,,,,,,,
Fendi Men,Silvia Venturini Fendi,1994.0,2024.0,31,1990s,2012.0,19,,,,,,,,,,,,,,,,
Fendi Men,Silvia Venturini Fendi,1994.0,2024.0,31,1990s,2013.0,20,,,,,,,,,,,,,,,,
Fendi Men,Silvia Venturini Fendi,1994.0,2024.0,31,1990s,2014.0,21,,,,,,,,,,,,,,,,
Fendi Men,Silvia Venturini Fendi,1994.0,2024.0,31,1990s,2015.0,22,,,,,,,,,,,,,,,,
Fendi Men,Silvia Venturini Fendi,1994.0,2024.0,31,1990s,2016.0,23,,,,,,,,,,,,,,,,
Fendi Men,Silvia Venturini Fendi,1994.0,2024.0,31,1990s,2017.0,24,,,,,,,,,,,,,,,,
Fendi Men,Silvia Venturini Fendi,1994.0,2024.0,31,1990s,2018.0,25,,,,,,,,,,,,,,,,
Fendi Men,Silvia Venturini Fendi,1994.0,2024.0,31,1990s,2019.0,26,,,,,,,,,,,,,,,,
Fendi Men,Silvia Venturini Fendi,1994.0,2024.0,31,1990s,2020.0,27,,,,,,,,,,,,,,,,
Fendi Men,Silvia Venturini Fendi,1994.0,2024.0,31,1990s,2021.0,28,,,,,,,,,,,,,,,,
Fendi Men,Silvia Venturini Fendi,1994.0,2024.0,31,1990s,2022.0,29,,,,,,,,,,,,,,,,
Fendi Men,Silvia Venturini Fendi,1994.0,2024.0,31,1990s,2023.0,30,,,,,,,,,,,,,,,,
Fendi Men,Silvia Venturini Fendi,1994.0,2024.0,31,1990s,2024.0,31,,,,,,,,,,,,,,,,
Givenchy,John Galliano,1995.0,1996.0,2,1990s,1995.0,1,,,,,,,,,,,,,,,,
Givenchy,John Galliano,1995.0,1996.0,2,1990s,1996.0,2,,,,,,,,,,,,,,,,
Givenchy,Alexander McQueen,1996.0,2001.0,6,1990s,1996.0,1,,,,,,,,,,,,,,,,
Givenchy,Alexander McQueen,1996.0,2001.0,6,1990s,1997.0,2,,,,,,,,,,,,,,,,
Givenchy,Alexander McQueen,1996.0,2001.0,6,1990s,1998.0,3,,,,,,,,,,,,,,,,
Givenchy,Alexander McQueen,1996.0,2001.0,6,1990s,1999.0,4,,,,,,,,,,,,,,,,
Givenchy,Alexander McQueen,1996.0,2001.0,6,1990s,2000.0,5,,,,,,,,,,,,,,,,
Givenchy,Alexander McQueen,1996.0,2001.0,6,1990s,2001.0,6,,,,,,,,,,,,,,,,
Givenchy,Julien Macdonald,2001.0,2004.0,4,2000s,2001.0,1,,,,,,,,,,,,,,,,
Givenchy,Julien Macdonald,2001.0,2004.0,4,2000s,2002.0,2,,,,,,,,,,,,,,,,
Givenchy,Julien Macdonald,2001.0,2004.0,4,2000s,2003.0,3,,,,,,,,,,,,,,,,
Givenchy,Julien Macdonald,2001.0,2004.0,4,2000s,2004.0,4,,,,,,,,,,,,,,,,
Givenchy,Riccardo Tisci,2005.0,2017.0,13,2000s,2005.0,1,,,,,,,,,,,,,,,,
Givenchy,Riccardo Tisci,2005.0,2017.0,13,2000s,2006.0,2,,,,,,,,,,,,,,,,
Givenchy,Riccardo Tisci,2005.0,2017.0,13,2000s,2007.0,3,,,,,,,,,,,,,,,,
Givenchy,Riccardo Tisci,2005.0,2017.0,13,2000s,2008.0,4,,,,,,,,,,,,,,,,
Givenchy,Riccardo Tisci,2005.0,2017.0,13,2000s,2009.0,5,,,,,,,,,,,,,,,,
Givenchy,Riccardo Tisci,2005.0,2017.0,13,2000s,2010.0,6,,,,,,,,,,,,,,,,
Givenchy,Riccardo Tisci,2005.0,2017.0,13,2000s,2011.0,7,,,,,,,,,,,,,,,,
Givenchy,Riccardo Tisci,2005.0,2017.0,13,2000s,2012.0,8,,,,,,,,,,,,,,,,
Givenchy,Riccardo Tisci,2005.0,2017.0,13,2000s,2013.0,9,,,,,,,,,,,,,,,,
Givenchy,Riccardo Tisci,2005.0,2017.0,13,2000s,2014.0,10,,,,,,,,,,,,,,,,
Givenchy,Riccardo Tisci,2005.0,2017.0,13,2000s,2015.0,11,,,,,,,,,,,,,,,,
Givenchy,Riccardo Tisci,2005.0,2017.0,13,2000s,2016.0,12,,,,,,,,,,,,,,,,
Givenchy,Riccardo Tisci,2005.0,2017.0,13,2000s,2017.0,13,,,,,,,,,,,,,,,,
Givenchy,Clare Waight Keller,2017.0,2020.0,4,2010s,2017.0,1,,,,,,,,,,,,,,,,
Givenchy,Clare Waight Keller,2017.0,2020.0,4,2010s,2018.0,2,,,,,,,,,,,,,,,,
Givenchy,Clare Waight Keller,2017.0,2020.0,4,2010s,2019.0,3,,,,,,,,,,,,,,,,
Givenchy,Clare Waight Keller,2017.0,2020.0,4,2010s,2020.0,4,,,,,,,,,,,,,,,,
Givenchy,Matthew M. Williams,2020.0,2023.0,4,2020s,2020.0,1,,,,,,,,,,,,,,,,
Givenchy,Matthew M. Williams,2020.0,2023.0,4,2020s,2021.0,2,,,,,,,,,,,,,,,,
Givenchy,Matthew M. Williams,2020.0,2023.0,4,2020s,2022.0,3,,,,,,,,,,,,,,,,
Givenchy,Matthew M. Williams,2020.0,2023.0,4,2020s,2023.0,4,,,,,,,,,,,,,,,,
Givenchy,Sarah Burton,2024.0,2024.0,1,2020s,2024.0,1,,,,,,,,,,,,,,,,
Bottega Veneta,Laura Moltedo,1990.0,2001.0,12,1990s,1990.0,1,,,,,,,,,,,,,,,,
Bottega Veneta,Laura Moltedo,1990.0,2001.0,12,1990s,1991.0,2,,,,,,,,,,,,,,,,
Bottega Veneta,Laura Moltedo,1990.0,2001.0,12,1990s,1992.0,3,,,,,,,,,,,,,,,,
Bottega Veneta,Laura Moltedo,1990.0,2001.0,12,1990s,1993.0,4,,,,,,,,,,,,,,,,
Bottega Veneta,Laura Moltedo,1990.0,2001.0,12,1990s,1994.0,5,,,,,,,,,,,,,,,,
Bottega Veneta,Laura Moltedo,1990.0,2001.0,12,1990s,1995.0,6,,,,,,,,,,,,,,,,
Bottega Veneta,Laura Moltedo,1990.0,2001.0,12,1990s,1996.0,7,,,,,,,,,,,,,,,,
Bottega Veneta,Laura Moltedo,1990.0,2001.0,12,1990s,1997.0,8,,,,,,,,,,,,,,,,
Bottega Veneta,Laura Moltedo,1990.0,2001.0,12,1990s,1998.0,9,,,,,,,,,,,,,,,,
Bottega Veneta,Laura Moltedo,1990.0,2001.0,12,1990s,1999.0,10,,,,,,,,,,,,,,,,
Bottega Veneta,Laura Moltedo,1990.0,2001.0,12,1990s,2000.0,11,,,,,,,,,,,,,,,,
Bottega Veneta,Laura Moltedo,1990.0,2001.0,12,1990s,2001.0,12,,,,,,,,,,,,,,,,
Bottega Veneta,Tomas Maier,2002.0,2018.0,17,2000s,2002.0,1,,,,,,,,,,,,,,,,
Bottega Veneta,Tomas Maier,2002.0,2018.0,17,2000s,2003.0,2,,,,,,,,,,,,,,,,
Bottega Veneta,Tomas Maier,2002.0,2018.0,17,2000s,2004.0,3,,,,,,,,,,,,,,,,
Bottega Veneta,Tomas Maier,2002.0,2018.0,17,2000s,2005.0,4,,,,,,,,,,,,,,,,
Bottega Veneta,Tomas Maier,2002.0,2018.0,17,2000s,2006.0,5,,,,,,,,,,,,,,,,
Bottega Veneta,Tomas Maier,2002.0,2018.0,17,2000s,2007.0,6,,,,,,,,,,,,,,,,
Bottega Veneta,Tomas Maier,2002.0,2018.0,17,2000s,2008.0,7,,,,,,,,,,,,,,,,
Bottega Veneta,Tomas Maier,2002.0,2018.0,17,2000s,2009.0,8,,,,,,,,,,,,,,,,
Bottega Veneta,Tomas Maier,2002.0,2018.0,17,2000s,2010.0,9,,,,,,,,,,,,,,,,
Bottega Veneta,Tomas Maier,2002.0,2018.0,17,2000s,2011.0,10,,,,,,,,,,,,,,,,
Bottega Veneta,Tomas Maier,2002.0,2018.0,17,2000s,2012.0,11,,,,,,,,,,,,,,,,
Bottega Veneta,Tomas Maier,2002.0,2018.0,17,2000s,2013.0,12,,,,,,,,,,,,,,,,
Bottega Veneta,Tomas Maier,2002.0,2018.0,17,2000s,2014.0,13,,,,,,,,,,,,,,,,
Bottega Veneta,Tomas Maier,2002.0,2018.0,17,2000s,2015.0,14,,,,,,,,,,,,,,,,
Bottega Veneta,Tomas Maier,2002.0,2018.0,17,2000s,2016.0,15,,,,,,,,,,,,,,,,
Bottega Veneta,Tomas Maier,2002.0,2018.0,17,2000s,2017.0,16,,,,,,,,,,,,,,,,
Bottega Veneta,Tomas Maier,2002.0,2018.0,17,2000s,2018.0,17,,,,,,,,,,,,,,,,
Bottega Veneta,Daniel Lee,2018.0,2021.0,4,2010s,2018.0,1,,,,,,,,,,,,,,,,
Bottega Veneta,Daniel Lee,2018.0,2021.0,4,2010s,2019.0,2,,,,,,,,,,,,,,,,
Bottega Veneta,Daniel Lee,2018.0,2021.0,4,2010s,2020.0,3,,,,,,,,,,,,,,,,
Bottega Veneta,Daniel Lee,2018.0,2021.0,4,2010s,2021.0,4,,,,,,,,,,,,,,,,
Bottega Veneta,Matthieu Blazy,2021.0,2024.0,4,2020s,2021.0,1,,,,,,,,,,,,,,,,
Bottega Veneta,Matthieu Blazy,2021.0,2024.0,4,2020s,2022.0,2,,,,,,,,,,,,,,,,
Bottega Veneta,Matthieu Blazy,2021.0,2024.0,4,2020s,2023.0,3,,,,,,,,,,,,,,,,
Bottega Veneta,Matthieu Blazy,2021.0,2024.0,4,2020s,2024.0,4,,,,,,,,,,,,,,,,
Valentino,Valentino Garavani,1990.0,2007.0,18,1990s,1990.0,1,,,,,,,,,,,,,,,,
Valentino,Valentino Garavani,1990.0,2007.0,18,1990s,1991.0,2,,,,,,,,,,,,,,,,
Valentino,Valentino Garavani,1990.0,2007.0,18,1990s,1992.0,3,,,,,,,,,,,,,,,,
Valentino,Valentino Garavani,1990.0,2007.0,18,1990s,1993.0,4,,,,,,,,,,,,,,,,
Valentino,Valentino Garavani,1990.0,2007.0,18,1990s,1994.0,5,,,,,,,,,,,,,,,,
Valentino,Valentino Garavani,1990.0,2007.0,18,1990s,1995.0,6,,,,,,,,,,,,,,,,
Valentino,Valentino Garavani,1990.0,2007.0,18,1990s,1996.0,7,,,,,,,,,,,,,,,,
Valentino,Valentino Garavani,1990.0,2007.0,18,1990s,1997.0,8,,,,,,,,,,,,,,,,
Valentino,Valentino Garavani,1990.0,2007.0,18,1990s,1998.0,9,,,,,,,,,,,,,,,,
Valentino,Valentino Garavani,1990.0,2007.0,18,1990s,1999.0,10,,,,,,,,,,,,,,,,
Valentino,Valentino Garavani,1990.0,2007.0,18,1990s,2000.0,11,,,,,,,,,,,,,,,,
Valentino,Valentino Garavani,1990.0,2007.0,18,1990s,2001.0,12,,,,,,,,,,,,,,,,
Valentino,Valentino Garavani,1990.0,2007.0,18,1990s,2002.0,13,,,,,,,,,,,,,,,,
Valentino,Valentino Garavani,1990.0,2007.0,18,1990s,2003.0,14,,,,,,,,,,,,,,,,
Valentino,Valentino Garavani,1990.0,2007.0,18,1990s,2004.0,15,,,,,,,,,,,,,,,,
Valentino,Valentino Garavani,1990.0,2007.0,18,1990s,2005.0,16,,,,,,,,,,,,,,,,
Valentino,Valentino Garavani,1990.0,2007.0,18,1990s,2006.0,17,,,,,,,,,,,,,,,,
Valentino,Valentino Garavani,1990.0,2007.0,18,1990s,2007.0,18,,,,,,,,,,,,,,,,
Valentino,Alessandra Facchinetti,2007.0,2008.0,2,2000s,2007.0,1,,,,,,,,,,,,,,,,
Valentino,Alessandra Facchinetti,2007.0,2008.0,2,2000s,2008.0,2,,,,,,,,,,,,,,,,
Valentino,Maria Grazia Chiuri and Pierpaolo Piccioli,2008.0,2015.0,8,2000s,2008.0,1,,,,,,,,,,,,,,,,
Valentino,Maria Grazia Chiuri and Pierpaolo Piccioli,2008.0,2015.0,8,2000s,2009.0,2,,,,,,,,,,,,,,,,
Valentino,Maria Grazia Chiuri and Pierpaolo Piccioli,2008.0,2015.0,8,2000s,2010.0,3,,,,,,,,,,,,,,,,
Valentino,Maria Grazia Chiuri and Pierpaolo Piccioli,2008.0,2015.0,8,2000s,2011.0,4,,,,,,,,,,,,,,,,
Valentino,Maria Grazia Chiuri and Pierpaolo Piccioli,2008.0,2015.0,8,2000s,2012.0,5,,,,,,,,,,,,,,,,
Valentino,Maria Grazia Chiuri and Pierpaolo Piccioli,2008.0,2015.0,8,2000s,2013.0,6,,,,,,,,,,,,,,,,
Valentino,Maria Grazia Chiuri and Pierpaolo Piccioli,2008.0,2015.0,8,2000s,2014.0,7,,,,,,,,,,,,,,,,
Valentino,Maria Grazia Chiuri and Pierpaolo Piccioli,2008.0,2015.0,8,2000s,2015.0,8,,,,,,,,,,,,,,,,
Valentino,Pierpaolo Piccioli,2016.0,2024.0,9,2010s,2016.0,1,,,,,,,,,,,,,,,,
Valentino,Pierpaolo Piccioli,2016.0,2024.0,9,2010s,2017.0,2,,,,,,,,,,,,,,,,
Valentino,Pierpaolo Piccioli,2016.0,2024.0,9,2010s,2018.0,3,,,,,,,,,,,,,,,,
Valentino,Pierpaolo Piccioli,2016.0,2024.0,9,2010s,2019.0,4,,,,,,,,,,,,,,,,
Valentino,Pierpaolo Piccioli,2016.0,2024.0,9,2010s,2020.0,5,,,,,,,,,,,,,,,,
Valentino,Pierpaolo Piccioli,2016.0,2024.0,9,2010s,2021.0,6,,,,,,,,,,,,,,,,
Valentino,Pierpaolo Piccioli,2016.0,2024.0,9,2010s,2022.0,7,,,,,,,,,,,,,,,,
Valentino,Pierpaolo Piccioli,2016.0,2024.0,9,2010s,2023.0,8,,,,,,,,,,,,,,,,
Valentino,Pierpaolo Piccioli,2016.0,2024.0,9,2010s,2024.0,9,,,,,,,,,,,,,,,,
Valentino,Alessandro Michele,2024.0,2024.0,1,2020s,2024.0,1,,,,,,,,,,,,,,,,
Celine,Michael Kors,1997.0,2004.0,8,1990s,1997.0,1,,,,,,,,,,,,,,,,
Celine,Michael Kors,1997.0,2004.0,8,1990s,1998.0,2,,,,,,,,,,,,,,,,
Celine,Michael Kors,1997.0,2004.0,8,1990s,1999.0,3,,,,,,,,,,,,,,,,
Celine,Michael Kors,1997.0,2004.0,8,1990s,2000.0,4,,,,,,,,,,,,,,,,
Celine,Michael Kors,1997.0,2004.0,8,1990s,2001.0,5,,,,,,,,,,,,,,,,
Celine,Michael Kors,1997.0,2004.0,8,1990s,2002.0,6,,,,,,,,,,,,,,,,
Celine,Michael Kors,1997.0,2004.0,8,1990s,2003.0,7,,,,,,,,,,,,,,,,
Celine,Michael Kors,1997.0,2004.0,8,1990s,2004.0,8,,,,,,,,,,,,,,,,
Celine,Roberto Menichetti,2005.0,2005.0,1,2000s,2005.0,1,,,,,,,,,,,,,,,,
Celine,Ivana Omazic,2006.0,2008.0,3,2000s,2006.0,1,,,,,,,,,,,,,,,,
Celine,Ivana Omazic,2006.0,2008.0,3,2000s,2007.0,2,,,,,,,,,,,,,,,,
Celine,Ivana Omazic,2006.0,2008.0,3,2000s,2008.0,3,,,,,,,,,,,,,,,,
Celine,Phoebe Philo,2008.0,2018.0,11,2000s,2008.0,1,,,,,,,,,,,,,,,,
Celine,Phoebe Philo,2008.0,2018.0,11,2000s,2009.0,2,,,,,,,,,,,,,,,,
Celine,Phoebe Philo,2008.0,2018.0,11,2000s,2010.0,3,,,,,,,,,,,,,,,,
Celine,Phoebe Philo,2008.0,2018.0,11,2000s,2011.0,4,,,,,,,,,,,,,,,,
Celine,Phoebe Philo,2008.0,2018.0,11,2000s,2012.0,5,,,,,,,,,,,,,,,,
Celine,Phoebe Philo,2008.0,2018.0,11,2000s,2013.0,6,,,,,,,,,,,,,,,,
Celine,Phoebe Philo,2008.0,2018.0,11,2000s,2014.0,7,,,,,,,,,,,,,,,,
Celine,Phoebe Philo,2008.0,2018.0,11,2000s,2015.0,8,,,,,,,,,,,,,,,,
Celine,Phoebe Philo,2008.0,2018.0,11,2000s,2016.0,9,,,,,,,,,,,,,,,,
Celine,Phoebe Philo,2008.0,2018.0,11,2000s,2017.0,10,,,,,,,,,,,,,,,,
Celine,Phoebe Philo,2008.0,2018.0,11,2000s,2018.0,11,,,,,,,,,,,,,,,,
Celine,Hedi Slimane,2018.0,2024.0,7,2010s,2018.0,1,,,,,,,,,,,,,,,,
Celine,Hedi Slimane,2018.0,2024.0,7,2010s,2019.0,2,,,,,,,,,,,,,,,,
Celine,Hedi Slimane,2018.0,2024.0,7,2010s,2020.0,3,,,,,,,,,,,,,,,,
Celine,Hedi Slimane,2018.0,2024.0,7,2010s,2021.0,4,,,,,,,,,,,,,,,,
Celine,Hedi Slimane,2018.0,2024.0,7,2010s,2022.0,5,,,,,,,,,,,,,,,,
Celine,Hedi Slimane,2018.0,2024.0,7,2010s,2023.0,6,,,,,,,,,,,,,,,,
Celine,Hedi Slimane,2018.0,2024.0,7,2010s,2024.0,7,,,,,,,,,,,,,,,,
Celine,Michael Rider,2024.0,2024.0,1,2020s,2024.0,1,,,,,,,,,,,,,,,,
Alexander McQueen,Alexander McQueen,1992.0,2010.0,19,1990s,1992.0,1,,,,,,,,,,,,,,,,
Alexander McQueen,Alexander McQueen,1992.0,2010.0,19,1990s,1993.0,2,,,,,,,,,,,,,,,,
Alexander McQueen,Alexander McQueen,1992.0,2010.0,19,1990s,1994.0,3,,,,,,,,,,,,,,,,
Alexander McQueen,Alexander McQueen,1992.0,2010.0,19,1990s,1995.0,4,,,,,,,,,,,,,,,,
Alexander McQueen,Alexander McQueen,1992.0,2010.0,19,1990s,1996.0,5,,,,,,,,,,,,,,,,
Alexander McQueen,Alexander McQueen,1992.0,2010.0,19,1990s,1997.0,6,,,,,,,,,,,,,,,,
Alexander McQueen,Alexander McQueen,1992.0,2010.0,19,1990s,1998.0,7,,,,,,,,,,,,,,,,
Alexander McQueen,Alexander McQueen,1992.0,2010.0,19,1990s,1999.0,8,,,,,,,,,,,,,,,,
Alexander McQueen,Alexander McQueen,1992.0,2010.0,19,1990s,2000.0,9,,,,,,,,,,,,,,,,
Alexander McQueen,Alexander McQueen,1992.0,2010.0,19,1990s,2001.0,10,,,,,,,,,,,,,,,,
Alexander McQueen,Alexander McQueen,1992.0,2010.0,19,1990s,2002.0,11,,,,,,,,,,,,,,,,
Alexander McQueen,Alexander McQueen,1992.0,2010.0,19,1990s,2003.0,12,,,,,,,,,,,,,,,,
Alexander McQueen,Alexander McQueen,1992.0,2010.0,19,1990s,2004.0,13,,,,,,,,,,,,,,,,
Alexander McQueen,Alexander McQueen,1992.0,2010.0,19,1990s,2005.0,14,,,,,,,,,,,,,,,,
Alexander McQueen,Alexander McQueen,1992.0,2010.0,19,1990s,2006.0,15,,,,,,,,,,,,,,,,
Alexander McQueen,Alexander McQueen,1992.0,2010.0,19,1990s,2007.0,16,,,,,,,,,,,,,,,,
Alexander McQueen,Alexander McQueen,1992.0,2010.0,19,1990s,2008.0,17,,,,,,,,,,,,,,,,
Alexander McQueen,Alexander McQueen,1992.0,2010.0,19,1990s,2009.0,18,,,,,,,,,,,,,,,,
Alexander McQueen,Alexander McQueen,1992.0,2010.0,19,1990s,2010.0,19,,,,,,,,,,,,,,,,
Alexander McQueen,Sarah Burton,2010.0,2023.0,14,2010s,2010.0,1,,,,,,,,,,,,,,,,
Alexander McQueen,Sarah Burton,2010.0,2023.0,14,2010s,2011.0,2,,,,,,,,,,,,,,,,
Alexander McQueen,Sarah Burton,2010.0,2023.0,14,2010s,2012.0,3,,,,,,,,,,,,,,,,
Alexander McQueen,Sarah Burton,2010.0,2023.0,14,2010s,2013.0,4,,,,,,,,,,,,,,,,
Alexander McQueen,Sarah Burton,2010.0,2023.0,14,2010s,2014.0,5,,,,,,,,,,,,,,,,
Alexander McQueen,Sarah Burton,2010.0,2023.0,14,2010s,2015.0,6,,,,,,,,,,,,,,,,
Alexander McQueen,Sarah Burton,2010.0,2023.0,14,2010s,2016.0,7,,,,,,,,,,,,,,,,
Alexander McQueen,Sarah Burton,2010.0,2023.0,14,2010s,2017.0,8,,,,,,,,,,,,,,,,
Alexander McQueen,Sarah Burton,2010.0,2023.0,14,2010s,2018.0,9,,,,,,,,,,,,,,,,
Alexander McQueen,Sarah Burton,2010.0,2023.0,14,2010s,2019.0,10,,,,,,,,,,,,,,,,
Alexander McQueen,Sarah Burton,2010.0,2023.0,14,2010s,2020.0,11,,,,,,,,,,,,,,,,
Alexander McQueen,Sarah Burton,2010.0,2023.0,14,2010s,2021.0,12,,,,,,,,,,,,,,,,
Alexander McQueen,Sarah Burton,2010.0,2023.0,14,2010s,2022.0,13,,,,,,,,,,,,,,,,
Alexander McQueen,Sarah Burton,2010.0,2023.0,14,2010s,2023.0,14,,,,,,,,,,,,,,,,
Alexander McQueen,Seán McGirr,2023.0,2024.0,2,2020s,2023.0,1,,,,,,,,,,,,,,,,
Alexander McQueen,Seán McGirr,2023.0,2024.0,2,2020s,2024.0,2,,,,,,,,,,,,,,,,
Loewe,Narciso Rodriguez,1997.0,2000.0,4,1990s,1997.0,1,,,,,,,,,,,,,,,,
Loewe,Narciso Rodriguez,1997.0,2000.0,4,1990s,1998.0,2,,,,,,,,,,,,,,,,
Loewe,Narciso Rodriguez,1997.0,2000.0,4,1990s,1999.0,3,,,,,,,,,,,,,,,,
Loewe,Narciso Rodriguez,1997.0,2000.0,4,1990s,2000.0,4,,,,,,,,,,,,,,,,
Loewe,José Enrique Oña Selfa,2000.0,2007.0,8,2000s,2000.0,1,,,,,,,,,,,,,,,,
Loewe,José Enrique Oña Selfa,2000.0,2007.0,8,2000s,2001.0,2,,,,,,,,,,,,,,,,
Loewe,José Enrique Oña Selfa,2000.0,2007.0,8,2000s,2002.0,3,,,,,,,,,,,,,,,,
Loewe,José Enrique Oña Selfa,2000.0,2007.0,8,2000s,2003.0,4,,,,,,,,,,,,,,,,
Loewe,José Enrique Oña Selfa,2000.0,2007.0,8,2000s,2004.0,5,,,,,,,,,,,,,,,,
Loewe,José Enrique Oña Selfa,2000.0,2007.0,8,2000s,2005.0,6,,,,,,,,,,,,,,,,
Loewe,José Enrique Oña Selfa,2000.0,2007.0,8,2000s,2006.0,7,,,,,,,,,,,,,,,,
Loewe,José Enrique Oña Selfa,2000.0,2007.0,8,2000s,2007.0,8,,,,,,,,,,,,,,,,
Loewe,Stuart Vevers,2008.0,2013.0,6,2000s,2008.0,1,,,,,,,,,,,,,,,,
Loewe,Stuart Vevers,2008.0,2013.0,6,2000s,2009.0,2,,,,,,,,,,,,,,,,
Loewe,Stuart Vevers,2008.0,2013.0,6,2000s,2010.0,3,,,,,,,,,,,,,,,,
Loewe,Stuart Vevers,2008.0,2013.0,6,2000s,2011.0,4,,,,,,,,,,,,,,,,
Loewe,Stuart Vevers,2008.0,2013.0,6,2000s,2012.0,5,,,,,,,,,,,,,,,,
Loewe,Stuart Vevers,2008.0,2013.0,6,2000s,2013.0,6,,,,,,,,,,,,,,,,
Loewe,Jonathan Anderson,2013.0,2024.0,12,2010s,2013.0,1,,,,,,,,,,,,,,,,
Loewe,Jonathan Anderson,2013.0,2024.0,12,2010s,2014.0,2,,,,,,,,,,,,,,,,
Loewe,Jonathan Anderson,2013.0,2024.0,12,2010s,2015.0,3,,,,,,,,,,,,,,,,
Loewe,Jonathan Anderson,2013.0,2024.0,12,2010s,2016.0,4,,,,,,,,,,,,,,,,
Loewe,Jonathan Anderson,2013.0,2024.0,12,2010s,2017.0,5,,,,,,,,,,,,,,,,
Loewe,Jonathan Anderson,2013.0,2024.0,12,2010s,2018.0,6,,,,,,,,,,,,,,,,
Loewe,Jonathan Anderson,2013.0,2024.0,12,2010s,2019.0,7,,,,,,,,,,,,,,,,
Loewe,Jonathan Anderson,2013.0,2024.0,12,2010s,2020.0,8,,,,,,,,,,,,,,,,
Loewe,Jonathan Anderson,2013.0,2024.0,12,2010s,2021.0,9,,,,,,,,,,,,,,,,
Loewe,Jonathan Anderson,2013.0,2024.0,12,2010s,2022.0,10,,,,,,,,,,,,,,,,
Loewe,Jonathan Anderson,2013.0,2024.0,12,2010s,2023.0,11,,,,,,,,,,,,,,,,
Loewe,Jonathan Anderson,2013.0,2024.0,12,2010s,2024.0,12,,,,,,,,,,,,,,,,
Chloé,Stella McCartney,1997.0,2001.0,5,1990s,1997.0,1,,,,,,,,,,,,,,,,
Chloé,Stella McCartney,1997.0,2001.0,5,1990s,1998.0,2,,,,,,,,,,,,,,,,
Chloé,Stella McCartney,1997.0,2001.0,5,1990s,1999.0,3,,,,,,,,,,,,,,,,
Chloé,Stella McCartney,1997.0,2001.0,5,1990s,2000.0,4,,,,,,,,,,,,,,,,
Chloé,Stella McCartney,1997.0,2001.0,5,1990s,2001.0,5,,,,,,,,,,,,,,,,
Chloé,Phoebe Philo,2001.0,2006.0,6,2000s,2001.0,1,,,,,,,,,,,,,,,,
Chloé,Phoebe Philo,2001.0,2006.0,6,2000s,2002.0,2,,,,,,,,,,,,,,,,
Chloé,Phoebe Philo,2001.0,2006.0,6,2000s,2003.0,3,,,,,,,,,,,,,,,,
Chloé,Phoebe Philo,2001.0,2006.0,6,2000s,2004.0,4,,,,,,,,,,,,,,,,
Chloé,Phoebe Philo,2001.0,2006.0,6,2000s,2005.0,5,,,,,,,,,,,,,,,,
Chloé,Phoebe Philo,2001.0,2006.0,6,2000s,2006.0,6,,,,,,,,,,,,,,,,
Chloé,Paulo Melim Andersson,2006.0,2008.0,3,2000s,2006.0,1,,,,,,,,,,,,,,,,
Chloé,Paulo Melim Andersson,2006.0,2008.0,3,2000s,2007.0,2,,,,,,,,,,,,,,,,
Chloé,Paulo Melim Andersson,2006.0,2008.0,3,2000s,2008.0,3,,,,,,,,,,,,,,,,
Chloé,Hannah MacGibbon,2008.0,2011.0,4,2000s,2008.0,1,,,,,,,,,,,,,,,,
Chloé,Hannah MacGibbon,2008.0,2011.0,4,2000s,2009.0,2,,,,,,,,,,,,,,,,
Chloé,Hannah MacGibbon,2008.0,2011.0,4,2000s,2010.0,3,,,,,,,,,,,,,,,,
Chloé,Hannah MacGibbon,2008.0,2011.0,4,2000s,2011.0,4,,,,,,,,,,,,,,,,
Chloé,Clare Waight Keller,2011.0,2017.0,7,2010s,2011.0,1,,,,,,,,,,,,,,,,
Chloé,Clare Waight Keller,2011.0,2017.0,7,2010s,2012.0,2,,,,,,,,,,,,,,,,
Chloé,Clare Waight Keller,2011.0,2017.0,7,2010s,2013.0,3,,,,,,,,,,,,,,,,
Chloé,Clare Waight Keller,2011.0,2017.0,7,2010s,2014.0,4,,,,,,,,,,,,,,,,
Chloé,Clare Waight Keller,2011.0,2017.0,7,2010s,2015.0,5,,,,,,,,,,,,,,,,
Chloé,Clare Waight Keller,2011.0,2017.0,7,2010s,2016.0,6,,,,,,,,,,,,,,,,
Chloé,Clare Waight Keller,2011.0,2017.0,7,2010s,2017.0,7,,,,,,,,,,,,,,,,
Chloé,Natacha Ramsay-Levi,2017.0,2020.0,4,2010s,2017.0,1,,,,,,,,,,,,,,,,
Chloé,Natacha Ramsay-Levi,2017.0,2020.0,4,2010s,2018.0,2,,,,,,,,,,,,,,,,
Chloé,Natacha Ramsay-Levi,2017.0,2020.0,4,2010s,2019.0,3,,,,,,,,,,,,,,,,
Chloé,Natacha Ramsay-Levi,2017.0,2020.0,4,2010s,2020.0,4,,,,,,,,,,,,,,,,
Chloé,Gabriela Hearst,2020.0,2024.0,5,2020s,2020.0,1,,,,,,,,,,,,,,,,
Chloé,Gabriela Hearst,2020.0,2024.0,5,2020s,2021.0,2,,,,,,,,,,,,,,,,
Chloé,Gabriela Hearst,2020.0,2024.0,5,2020s,2022.0,3,,,,,,,,,,,,,,,,
Chloé,Gabriela Hearst,2020.0,2024.0,5,2020s,2023.0,4,,,,,,,,,,,,,,,,
Chloé,Gabriela Hearst,2020.0,2024.0,5,2020s,2024.0,5,,,,,,,,,,,,,,,,
Maison Margiela,Martin Margiela,1990.0,2008.0,19,1990s,1990.0,1,,,,,,,,,,,,,,,,
Maison Margiela,Martin Margiela,1990.0,2008.0,19,1990s,1991.0,2,,,,,,,,,,,,,,,,
Maison Margiela,Martin Margiela,1990.0,2008.0,19,1990s,1992.0,3,,,,,,,,,,,,,,,,
Maison Margiela,Martin Margiela,1990.0,2008.0,19,1990s,1993.0,4,,,,,,,,,,,,,,,,
Maison Margiela,Martin Margiela,1990.0,2008.0,19,1990s,1994.0,5,,,,,,,,,,,,,,,,
Maison Margiela,Martin Margiela,1990.0,2008.0,19,1990s,1995.0,6,,,,,,,,,,,,,,,,
Maison Margiela,Martin Margiela,1990.0,2008.0,19,1990s,1996.0,7,,,,,,,,,,,,,,,,
Maison Margiela,Martin Margiela,1990.0,2008.0,19,1990s,1997.0,8,,,,,,,,,,,,,,,,
Maison Margiela,Martin Margiela,1990.0,2008.0,19,1990s,1998.0,9,,,,,,,,,,,,,,,,
Maison Margiela,Martin Margiela,1990.0,2008.0,19,1990s,1999.0,10,,,,,,,,,,,,,,,,
Maison Margiela,Martin Margiela,1990.0,2008.0,19,1990s,2000.0,11,,,,,,,,,,,,,,,,
Maison Margiela,Martin Margiela,1990.0,2008.0,19,1990s,2001.0,12,,,,,,,,,,,,,,,,
Maison Margiela,Martin Margiela,1990.0,2008.0,19,1990s,2002.0,13,,,,,,,,,,,,,,,,
Maison Margiela,Martin Margiela,1990.0,2008.0,19,1990s,2003.0,14,,,,,,,,,,,,,,,,
Maison Margiela,Martin Margiela,1990.0,2008.0,19,1990s,2004.0,15,,,,,,,,,,,,,,,,
Maison Margiela,Martin Margiela,1990.0,2008.0,19,1990s,2005.0,16,,,,,,,,,,,,,,,,
Maison Margiela,Martin Margiela,1990.0,2008.0,19,1990s,2006.0,17,,,,,,,,,,,,,,,,
Maison Margiela,Martin Margiela,1990.0,2008.0,19,1990s,2007.0,18,,,,,,,,,,,,,,,,
Maison Margiela,Martin Margiela,1990.0,2008.0,19,1990s,2008.0,19,,,,,,,,,,,,,,,,
Maison Margiela,John Galliano,2014.0,2024.0,11,2010s,2014.0,1,,,,,,,,,,,,,,,,
Maison Margiela,John Galliano,2014.0,2024.0,11,2010s,2015.0,2,,,,,,,,,,,,,,,,
Maison Margiela,John Galliano,2014.0,2024.0,11,2010s,2016.0,3,,,,,,,,,,,,,,,,
Maison Margiela,John Galliano,2014.0,2024.0,11,2010s,2017.0,4,,,,,,,,,,,,,,,,
Maison Margiela,John Galliano,2014.0,2024.0,11,2010s,2018.0,5,,,,,,,,,,,,,,,,
Maison Margiela,John Galliano,2014.0,2024.0,11,2010s,2019.0,6,,,,,,,,,,,,,,,,
Maison Margiela,John Galliano,2014.0,2024.0,11,2010s,2020.0,7,,,,,,,,,,,,,,,,
Maison Margiela,John Galliano,2014.0,2024.0,11,2010s,2021.0,8,,,,,,,,,,,,,,,,
Maison Margiela,John Galliano,2014.0,2024.0,11,2010s,2022.0,9,,,,,,,,,,,,,,,,
Maison Margiela,John Galliano,2014.0,2024.0,11,2010s,2023.0,10,,,,,,,,,,,,,,,,
Maison Margiela,John Galliano,2014.0,2024.0,11,2010s,2024.0,11,,,,,,,,,,,,,,,,
